epoch,job_id,status
1786097463,b089c757c79748db86252d6112ec55db,QUEUED
1786097463,1e159c6850c6497596d37e84a5c384a4,QUEUED
1786097463,38f04884b626454fb43af48677960970,QUEUED
1786097463,afef9660d2214befa9d2a58cd3e2faf5,QUEUED
1786097463,b9270f7a5c774f74841bd4f156be2138,QUEUED
1786097463,c926225e4d4643cf8aebc206303eb77d,QUEUED
1786097463,b089c757c79748db86252d6112ec55db,QUEUED
1786097463,1e159c6850c6497596d37e84a5c384a4,PROCESSING
1786097463,38f04884b626454fb43af48677960970,QUEUED
1786097463,afef9660d2214befa9d2a58cd3e2faf5,QUEUED
1786097463,b9270f7a5c774f74841bd4f156be2138,QUEUED
1786097463,c926225e4d4643cf8aebc206303eb77d,QUEUED
1786097465,b089c757c79748db86252d6112ec55db,QUEUED
1786097465,1e159c6850c6497596d37e84a5c384a4,PROCESSING
1786097465,38f04884b626454fb43af48677960970,QUEUED
1786097465,afef9660d2214befa9d2a58cd3e2faf5,QUEUED
1786097465,b9270f7a5c774f74841bd4f156be2138,QUEUED
1786097465,c926225e4d4643cf8aebc206303eb77d,QUEUED
1786097468,b089c757c79748db86252d6112ec55db,QUEUED
1786097468,1e159c6850c6497596d37e84a5c384a4,PROCESSING
1786097468,38f04884b626454fb43af48677960970,QUEUED
1786097468,afef9660d2214befa9d2a58cd3e2faf5,QUEUED
1786097468,b9270f7a5c774f74841bd4f156be2138,QUEUED
1786097468,c926225e4d4643cf8aebc206303eb77d,QUEUED
1786097470,b089c757c79748db86252d6112ec55db,QUEUED
1786097470,1e159c6850c6497596d37e84a5c384a4,PROCESSING
1786097470,38f04884b626454fb43af48677960970,QUEUED
1786097470,afef9660d2214befa9d2a58cd3e2faf5,QUEUED
1786097470,b9270f7a5c774f74841bd4f156be2138,QUEUED
1786097470,c926225e4d4643cf8aebc206303eb77d,QUEUED
1786097473,b089c757c79748db86252d6112ec55db,QUEUED
1786097473,1e159c6850c6497596d37e84a5c384a4,PROCESSING
1786097473,38f04884b626454fb43af48677960970,QUEUED
1786097473,afef9660d2214befa9d2a58cd3e2faf5,QUEUED
1786097473,b9270f7a5c774f74841bd4f156be2138,QUEUED
1786097473,c926225e4d4643cf8aebc206303eb77d,QUEUED
1786097475,b089c757c79748db86252d6112ec55db,QUEUED
1786097475,1e159c6850c6497596d37e84a5c384a4,PROCESSING
1786097475,38f04884b626454fb43af48677960970,QUEUED
1786097475,afef9660d2214befa9d2a58cd3e2faf5,QUEUED
1786097475,b9270f7a5c774f74841bd4f156be2138,QUEUED
1786097475,c926225e4d4643cf8aebc206303eb77d,QUEUED
1786097478,b089c757c79748db86252d6112ec55db,QUEUED
1786097478,1e159c6850c6497596d37e84a5c384a4,PROCESSING
1786097478,38f04884b626454fb43af48677960970,QUEUED
1786097478,afef9660d2214befa9d2a58cd3e2faf5,QUEUED
1786097478,b9270f7a5c774f74841bd4f156be2138,QUEUED
1786097478,c926225e4d4643cf8aebc206303eb77d,QUEUED
1786097481,b089c757c79748db86252d6112ec55db,QUEUED
1786097481,1e159c6850c6497596d37e84a5c384a4,PROCESSING
1786097481,38f04884b626454fb43af48677960970,QUEUED
1786097481,afef9660d2214befa9d2a58cd3e2faf5,QUEUED
1786097481,b9270f7a5c774f74841bd4f156be2138,QUEUED
1786097481,c926225e4d4643cf8aebc206303eb77d,QUEUED
1786097483,b089c757c79748db86252d6112ec55db,QUEUED
1786097483,1e159c6850c6497596d37e84a5c384a4,PROCESSING
1786097483,38f04884b626454fb43af48677960970,QUEUED
1786097483,afef9660d2214befa9d2a58cd3e2faf5,QUEUED
1786097483,b9270f7a5c774f74841bd4f156be2138,QUEUED
1786097483,c926225e4d4643cf8aebc206303eb77d,QUEUED
1786097486,b089c757c79748db86252d6112ec55db,QUEUED
1786097486,1e159c6850c6497596d37e84a5c384a4,PROCESSING
1786097486,38f04884b626454fb43af48677960970,QUEUED
1786097486,afef9660d2214befa9d2a58cd3e2faf5,QUEUED
1786097486,b9270f7a5c774f74841bd4f156be2138,QUEUED
1786097486,c926225e4d4643cf8aebc206303eb77d,QUEUED
1786097488,b089c757c79748db86252d6112ec55db,QUEUED
1786097488,1e159c6850c6497596d37e84a5c384a4,PROCESSING
1786097488,38f04884b626454fb43af48677960970,QUEUED
1786097488,afef9660d2214befa9d2a58cd3e2faf5,QUEUED
1786097488,b9270f7a5c774f74841bd4f156be2138,QUEUED
1786097488,c926225e4d4643cf8aebc206303eb77d,QUEUED
1786097491,b089c757c79748db86252d6112ec55db,QUEUED
1786097491,1e159c6850c6497596d37e84a5c384a4,PROCESSING
1786097491,38f04884b626454fb43af48677960970,QUEUED
1786097491,afef9660d2214befa9d2a58cd3e2faf5,QUEUED
1786097491,b9270f7a5c774f74841bd4f156be2138,QUEUED
1786097491,c926225e4d4643cf8aebc206303eb77d,QUEUED
1786097493,b089c757c79748db86252d6112ec55db,QUEUED
1786097493,1e159c6850c6497596d37e84a5c384a4,PROCESSING
1786097493,38f04884b626454fb43af48677960970,QUEUED
1786097493,afef9660d2214befa9d2a58cd3e2faf5,QUEUED
1786097493,b9270f7a5c774f74841bd4f156be2138,QUEUED
1786097493,c926225e4d4643cf8aebc206303eb77d,QUEUED
1786097496,b089c757c79748db86252d6112ec55db,QUEUED
1786097496,1e159c6850c6497596d37e84a5c384a4,PROCESSING
1786097496,38f04884b626454fb43af48677960970,QUEUED
1786097496,afef9660d2214befa9d2a58cd3e2faf5,QUEUED
1786097496,b9270f7a5c774f74841bd4f156be2138,QUEUED
1786097496,c926225e4d4643cf8aebc206303eb77d,QUEUED
1786097498,b089c757c79748db86252d6112ec55db,QUEUED
1786097498,1e159c6850c6497596d37e84a5c384a4,PROCESSING
1786097498,38f04884b626454fb43af48677960970,QUEUED
1786097498,afef9660d2214befa9d2a58cd3e2faf5,QUEUED
1786097498,b9270f7a5c774f74841bd4f156be2138,QUEUED
1786097498,c926225e4d4643cf8aebc206303eb77d,QUEUED
1786097500,b089c757c79748db86252d6112ec55db,QUEUED
1786097500,1e159c6850c6497596d37e84a5c384a4,PROCESSING
1786097500,38f04884b626454fb43af48677960970,QUEUED
1786097500,afef9660d2214befa9d2a58cd3e2faf5,QUEUED
1786097500,b9270f7a5c774f74841bd4f156be2138,QUEUED
1786097500,c926225e4d4643cf8aebc206303eb77d,QUEUED
1786097503,b089c757c79748db86252d6112ec55db,QUEUED
1786097503,1e159c6850c6497596d37e84a5c384a4,PROCESSING
1786097503,38f04884b626454fb43af48677960970,QUEUED
1786097503,afef9660d2214befa9d2a58cd3e2faf5,QUEUED
1786097503,b9270f7a5c774f74841bd4f156be2138,QUEUED
1786097503,c926225e4d4643cf8aebc206303eb77d,QUEUED
1786097515,b089c757c79748db86252d6112ec55db,QUEUED
1786097515,1e159c6850c6497596d37e84a5c384a4,PROCESSING
1786097515,38f04884b626454fb43af48677960970,QUEUED
1786097515,afef9660d2214befa9d2a58cd3e2faf5,QUEUED
1786097515,b9270f7a5c774f74841bd4f156be2138,QUEUED
1786097515,c926225e4d4643cf8aebc206303eb77d,QUEUED
1786097517,b089c757c79748db86252d6112ec55db,QUEUED
1786097517,1e159c6850c6497596d37e84a5c384a4,PROCESSING
1786097517,38f04884b626454fb43af48677960970,QUEUED
1786097517,afef9660d2214befa9d2a58cd3e2faf5,QUEUED
1786097517,b9270f7a5c774f74841bd4f156be2138,QUEUED
1786097517,c926225e4d4643cf8aebc206303eb77d,QUEUED
1786097520,b089c757c79748db86252d6112ec55db,QUEUED
1786097520,1e159c6850c6497596d37e84a5c384a4,PROCESSING
1786097520,38f04884b626454fb43af48677960970,QUEUED
1786097520,afef9660d2214befa9d2a58cd3e2faf5,QUEUED
1786097520,b9270f7a5c774f74841bd4f156be2138,QUEUED
1786097520,c926225e4d4643cf8aebc206303eb77d,QUEUED
1786097522,b089c757c79748db86252d6112ec55db,QUEUED
1786097522,1e159c6850c6497596d37e84a5c384a4,PROCESSING
1786097522,38f04884b626454fb43af48677960970,QUEUED
1786097522,afef9660d2214befa9d2a58cd3e2faf5,QUEUED
1786097522,b9270f7a5c774f74841bd4f156be2138,QUEUED
1786097522,c926225e4d4643cf8aebc206303eb77d,QUEUED
1786097525,b089c757c79748db86252d6112ec55db,QUEUED
1786097525,1e159c6850c6497596d37e84a5c384a4,PROCESSING
1786097525,38f04884b626454fb43af48677960970,QUEUED
1786097525,afef9660d2214befa9d2a58cd3e2faf5,QUEUED
1786097525,b9270f7a5c774f74841bd4f156be2138,QUEUED
1786097525,c926225e4d4643cf8aebc206303eb77d,QUEUED
1786097527,b089c757c79748db86252d6112ec55db,QUEUED
1786097527,1e159c6850c6497596d37e84a5c384a4,PROCESSING
1786097527,38f04884b626454fb43af48677960970,QUEUED
1786097527,afef9660d2214befa9d2a58cd3e2faf5,QUEUED
1786097527,b9270f7a5c774f74841bd4f156be2138,QUEUED
1786097527,c926225e4d4643cf8aebc206303eb77d,QUEUED
1786097529,b089c757c79748db86252d6112ec55db,QUEUED
1786097529,1e159c6850c6497596d37e84a5c384a4,PROCESSING
1786097529,38f04884b626454fb43af48677960970,QUEUED
1786097529,afef9660d2214befa9d2a58cd3e2faf5,QUEUED
1786097529,b9270f7a5c774f74841bd4f156be2138,QUEUED
1786097529,c926225e4d4643cf8aebc206303eb77d,QUEUED
1786097532,b089c757c79748db86252d6112ec55db,QUEUED
1786097532,1e159c6850c6497596d37e84a5c384a4,PROCESSING
1786097532,38f04884b626454fb43af48677960970,QUEUED
1786097532,afef9660d2214befa9d2a58cd3e2faf5,QUEUED
1786097532,b9270f7a5c774f74841bd4f156be2138,QUEUED
1786097532,c926225e4d4643cf8aebc206303eb77d,QUEUED
1786097534,b089c757c79748db86252d6112ec55db,QUEUED
1786097534,1e159c6850c6497596d37e84a5c384a4,PROCESSING
1786097534,38f04884b626454fb43af48677960970,QUEUED
1786097534,afef9660d2214befa9d2a58cd3e2faf5,QUEUED
1786097534,b9270f7a5c774f74841bd4f156be2138,QUEUED
1786097534,c926225e4d4643cf8aebc206303eb77d,QUEUED
1786097537,b089c757c79748db86252d6112ec55db,QUEUED
1786097537,1e159c6850c6497596d37e84a5c384a4,PROCESSING
1786097537,38f04884b626454fb43af48677960970,QUEUED
1786097537,afef9660d2214befa9d2a58cd3e2faf5,QUEUED
1786097537,b9270f7a5c774f74841bd4f156be2138,QUEUED
1786097537,c926225e4d4643cf8aebc206303eb77d,QUEUED
1786097539,b089c757c79748db86252d6112ec55db,QUEUED
1786097539,1e159c6850c6497596d37e84a5c384a4,PROCESSING
1786097539,38f04884b626454fb43af48677960970,QUEUED
1786097539,afef9660d2214befa9d2a58cd3e2faf5,QUEUED
1786097539,b9270f7a5c774f74841bd4f156be2138,QUEUED
1786097539,c926225e4d4643cf8aebc206303eb77d,QUEUED
1786097541,b089c757c79748db86252d6112ec55db,QUEUED
1786097541,1e159c6850c6497596d37e84a5c384a4,PROCESSING
1786097541,38f04884b626454fb43af48677960970,QUEUED
1786097541,afef9660d2214befa9d2a58cd3e2faf5,QUEUED
1786097541,b9270f7a5c774f74841bd4f156be2138,QUEUED
1786097541,c926225e4d4643cf8aebc206303eb77d,QUEUED
1786097544,b089c757c79748db86252d6112ec55db,QUEUED
1786097544,1e159c6850c6497596d37e84a5c384a4,PROCESSING
1786097544,38f04884b626454fb43af48677960970,QUEUED
1786097544,afef9660d2214befa9d2a58cd3e2faf5,QUEUED
1786097544,b9270f7a5c774f74841bd4f156be2138,QUEUED
1786097544,c926225e4d4643cf8aebc206303eb77d,QUEUED
1786097546,b089c757c79748db86252d6112ec55db,QUEUED
1786097546,1e159c6850c6497596d37e84a5c384a4,PROCESSING
1786097546,38f04884b626454fb43af48677960970,QUEUED
1786097546,afef9660d2214befa9d2a58cd3e2faf5,QUEUED
1786097546,b9270f7a5c774f74841bd4f156be2138,QUEUED
1786097546,c926225e4d4643cf8aebc206303eb77d,QUEUED
1786097549,b089c757c79748db86252d6112ec55db,QUEUED
1786097549,1e159c6850c6497596d37e84a5c384a4,PROCESSING
1786097549,38f04884b626454fb43af48677960970,QUEUED
1786097549,afef9660d2214befa9d2a58cd3e2faf5,QUEUED
1786097549,b9270f7a5c774f74841bd4f156be2138,QUEUED
1786097549,c926225e4d4643cf8aebc206303eb77d,QUEUED
1786097551,b089c757c79748db86252d6112ec55db,QUEUED
1786097551,1e159c6850c6497596d37e84a5c384a4,PROCESSING
1786097551,38f04884b626454fb43af48677960970,QUEUED
1786097551,afef9660d2214befa9d2a58cd3e2faf5,QUEUED
1786097551,b9270f7a5c774f74841bd4f156be2138,QUEUED
1786097551,c926225e4d4643cf8aebc206303eb77d,QUEUED
1786097554,b089c757c79748db86252d6112ec55db,QUEUED
1786097554,1e159c6850c6497596d37e84a5c384a4,PROCESSING
1786097554,38f04884b626454fb43af48677960970,QUEUED
1786097554,afef9660d2214befa9d2a58cd3e2faf5,QUEUED
1786097554,b9270f7a5c774f74841bd4f156be2138,QUEUED
1786097554,c926225e4d4643cf8aebc206303eb77d,QUEUED
1786097556,b089c757c79748db86252d6112ec55db,QUEUED
1786097556,1e159c6850c6497596d37e84a5c384a4,PROCESSING
1786097556,38f04884b626454fb43af48677960970,QUEUED
1786097556,afef9660d2214befa9d2a58cd3e2faf5,QUEUED
1786097556,b9270f7a5c774f74841bd4f156be2138,QUEUED
1786097556,c926225e4d4643cf8aebc206303eb77d,QUEUED
1786097558,b089c757c79748db86252d6112ec55db,QUEUED
1786097558,1e159c6850c6497596d37e84a5c384a4,PROCESSING
1786097558,38f04884b626454fb43af48677960970,QUEUED
1786097558,afef9660d2214befa9d2a58cd3e2faf5,QUEUED
1786097558,b9270f7a5c774f74841bd4f156be2138,QUEUED
1786097558,c926225e4d4643cf8aebc206303eb77d,QUEUED
1786097561,b089c757c79748db86252d6112ec55db,QUEUED
1786097561,1e159c6850c6497596d37e84a5c384a4,PROCESSING
1786097561,38f04884b626454fb43af48677960970,QUEUED
1786097561,afef9660d2214befa9d2a58cd3e2faf5,QUEUED
1786097561,b9270f7a5c774f74841bd4f156be2138,QUEUED
1786097561,c926225e4d4643cf8aebc206303eb77d,QUEUED
1786097563,b089c757c79748db86252d6112ec55db,QUEUED
1786097563,1e159c6850c6497596d37e84a5c384a4,PROCESSING
1786097563,38f04884b626454fb43af48677960970,QUEUED
1786097563,afef9660d2214befa9d2a58cd3e2faf5,QUEUED
1786097563,b9270f7a5c774f74841bd4f156be2138,QUEUED
1786097563,c926225e4d4643cf8aebc206303eb77d,QUEUED
1786097566,b089c757c79748db86252d6112ec55db,QUEUED
1786097566,1e159c6850c6497596d37e84a5c384a4,PROCESSING
1786097566,38f04884b626454fb43af48677960970,QUEUED
1786097566,afef9660d2214befa9d2a58cd3e2faf5,QUEUED
1786097566,b9270f7a5c774f74841bd4f156be2138,QUEUED
1786097566,c926225e4d4643cf8aebc206303eb77d,QUEUED
1786097568,b089c757c79748db86252d6112ec55db,QUEUED
1786097568,1e159c6850c6497596d37e84a5c384a4,PROCESSING
1786097568,38f04884b626454fb43af48677960970,QUEUED
1786097568,afef9660d2214befa9d2a58cd3e2faf5,QUEUED
1786097568,b9270f7a5c774f74841bd4f156be2138,QUEUED
1786097568,c926225e4d4643cf8aebc206303eb77d,QUEUED
1786097571,b089c757c79748db86252d6112ec55db,QUEUED
1786097571,1e159c6850c6497596d37e84a5c384a4,PROCESSING
1786097571,38f04884b626454fb43af48677960970,QUEUED
1786097571,afef9660d2214befa9d2a58cd3e2faf5,QUEUED
1786097571,b9270f7a5c774f74841bd4f156be2138,QUEUED
1786097571,c926225e4d4643cf8aebc206303eb77d,QUEUED
1786097573,b089c757c79748db86252d6112ec55db,QUEUED
1786097573,1e159c6850c6497596d37e84a5c384a4,PROCESSING
1786097573,38f04884b626454fb43af48677960970,QUEUED
1786097573,afef9660d2214befa9d2a58cd3e2faf5,QUEUED
1786097573,b9270f7a5c774f74841bd4f156be2138,QUEUED
1786097573,c926225e4d4643cf8aebc206303eb77d,QUEUED
1786097575,b089c757c79748db86252d6112ec55db,QUEUED
1786097575,1e159c6850c6497596d37e84a5c384a4,PROCESSING
1786097575,38f04884b626454fb43af48677960970,QUEUED
1786097575,afef9660d2214befa9d2a58cd3e2faf5,QUEUED
1786097575,b9270f7a5c774f74841bd4f156be2138,QUEUED
1786097575,c926225e4d4643cf8aebc206303eb77d,QUEUED
1786097578,b089c757c79748db86252d6112ec55db,QUEUED
1786097578,1e159c6850c6497596d37e84a5c384a4,PROCESSING
1786097578,38f04884b626454fb43af48677960970,QUEUED
1786097578,afef9660d2214befa9d2a58cd3e2faf5,QUEUED
1786097578,b9270f7a5c774f74841bd4f156be2138,QUEUED
1786097578,c926225e4d4643cf8aebc206303eb77d,QUEUED
1786097580,b089c757c79748db86252d6112ec55db,QUEUED
1786097580,1e159c6850c6497596d37e84a5c384a4,PROCESSING
1786097580,38f04884b626454fb43af48677960970,QUEUED
1786097580,afef9660d2214befa9d2a58cd3e2faf5,QUEUED
1786097580,b9270f7a5c774f74841bd4f156be2138,QUEUED
1786097580,c926225e4d4643cf8aebc206303eb77d,QUEUED
1786097583,b089c757c79748db86252d6112ec55db,QUEUED
1786097583,1e159c6850c6497596d37e84a5c384a4,PROCESSING
1786097583,38f04884b626454fb43af48677960970,QUEUED
1786097583,afef9660d2214befa9d2a58cd3e2faf5,QUEUED
1786097583,b9270f7a5c774f74841bd4f156be2138,QUEUED
1786097583,c926225e4d4643cf8aebc206303eb77d,QUEUED
1786097585,b089c757c79748db86252d6112ec55db,QUEUED
1786097585,1e159c6850c6497596d37e84a5c384a4,PROCESSING
1786097585,38f04884b626454fb43af48677960970,QUEUED
1786097585,afef9660d2214befa9d2a58cd3e2faf5,QUEUED
1786097585,b9270f7a5c774f74841bd4f156be2138,QUEUED
1786097585,c926225e4d4643cf8aebc206303eb77d,QUEUED
1786097587,b089c757c79748db86252d6112ec55db,QUEUED
1786097587,1e159c6850c6497596d37e84a5c384a4,PROCESSING
1786097587,38f04884b626454fb43af48677960970,QUEUED
1786097587,afef9660d2214befa9d2a58cd3e2faf5,QUEUED
1786097587,b9270f7a5c774f74841bd4f156be2138,QUEUED
1786097587,c926225e4d4643cf8aebc206303eb77d,QUEUED
1786097590,b089c757c79748db86252d6112ec55db,QUEUED
1786097590,1e159c6850c6497596d37e84a5c384a4,PROCESSING
1786097590,38f04884b626454fb43af48677960970,QUEUED
1786097590,afef9660d2214befa9d2a58cd3e2faf5,QUEUED
1786097590,b9270f7a5c774f74841bd4f156be2138,QUEUED
1786097590,c926225e4d4643cf8aebc206303eb77d,QUEUED
1786097592,b089c757c79748db86252d6112ec55db,QUEUED
1786097592,1e159c6850c6497596d37e84a5c384a4,PROCESSING
1786097592,38f04884b626454fb43af48677960970,QUEUED
1786097592,afef9660d2214befa9d2a58cd3e2faf5,QUEUED
1786097592,b9270f7a5c774f74841bd4f156be2138,QUEUED
1786097592,c926225e4d4643cf8aebc206303eb77d,QUEUED
1786097595,b089c757c79748db86252d6112ec55db,QUEUED
1786097595,1e159c6850c6497596d37e84a5c384a4,PROCESSING
1786097595,38f04884b626454fb43af48677960970,QUEUED
1786097595,afef9660d2214befa9d2a58cd3e2faf5,QUEUED
1786097595,b9270f7a5c774f74841bd4f156be2138,QUEUED
1786097595,c926225e4d4643cf8aebc206303eb77d,QUEUED
1786097597,b089c757c79748db86252d6112ec55db,QUEUED
1786097597,1e159c6850c6497596d37e84a5c384a4,PROCESSING
1786097597,38f04884b626454fb43af48677960970,QUEUED
1786097597,afef9660d2214befa9d2a58cd3e2faf5,QUEUED
1786097597,b9270f7a5c774f74841bd4f156be2138,QUEUED
1786097597,c926225e4d4643cf8aebc206303eb77d,QUEUED
1786097600,b089c757c79748db86252d6112ec55db,QUEUED
1786097600,1e159c6850c6497596d37e84a5c384a4,PROCESSING
1786097600,38f04884b626454fb43af48677960970,QUEUED
1786097600,afef9660d2214befa9d2a58cd3e2faf5,QUEUED
1786097600,b9270f7a5c774f74841bd4f156be2138,QUEUED
1786097600,c926225e4d4643cf8aebc206303eb77d,QUEUED
1786097602,b089c757c79748db86252d6112ec55db,QUEUED
1786097602,1e159c6850c6497596d37e84a5c384a4,PROCESSING
1786097602,38f04884b626454fb43af48677960970,QUEUED
1786097602,afef9660d2214befa9d2a58cd3e2faf5,QUEUED
1786097602,b9270f7a5c774f74841bd4f156be2138,QUEUED
1786097602,c926225e4d4643cf8aebc206303eb77d,QUEUED
1786097604,b089c757c79748db86252d6112ec55db,QUEUED
1786097604,1e159c6850c6497596d37e84a5c384a4,PROCESSING
1786097604,38f04884b626454fb43af48677960970,QUEUED
1786097604,afef9660d2214befa9d2a58cd3e2faf5,QUEUED
1786097604,b9270f7a5c774f74841bd4f156be2138,QUEUED
1786097604,c926225e4d4643cf8aebc206303eb77d,QUEUED
1786097607,b089c757c79748db86252d6112ec55db,QUEUED
1786097607,1e159c6850c6497596d37e84a5c384a4,PROCESSING
1786097607,38f04884b626454fb43af48677960970,QUEUED
1786097607,afef9660d2214befa9d2a58cd3e2faf5,QUEUED
1786097607,b9270f7a5c774f74841bd4f156be2138,QUEUED
1786097607,c926225e4d4643cf8aebc206303eb77d,QUEUED
1786097609,b089c757c79748db86252d6112ec55db,QUEUED
1786097609,1e159c6850c6497596d37e84a5c384a4,PROCESSING
1786097609,38f04884b626454fb43af48677960970,QUEUED
1786097609,afef9660d2214befa9d2a58cd3e2faf5,QUEUED
1786097609,b9270f7a5c774f74841bd4f156be2138,QUEUED
1786097609,c926225e4d4643cf8aebc206303eb77d,QUEUED
1786097612,b089c757c79748db86252d6112ec55db,QUEUED
1786097612,1e159c6850c6497596d37e84a5c384a4,PROCESSING
1786097612,38f04884b626454fb43af48677960970,QUEUED
1786097612,afef9660d2214befa9d2a58cd3e2faf5,QUEUED
1786097612,b9270f7a5c774f74841bd4f156be2138,QUEUED
1786097612,c926225e4d4643cf8aebc206303eb77d,QUEUED
1786097614,b089c757c79748db86252d6112ec55db,QUEUED
1786097614,1e159c6850c6497596d37e84a5c384a4,PROCESSING
1786097614,38f04884b626454fb43af48677960970,QUEUED
1786097614,afef9660d2214befa9d2a58cd3e2faf5,QUEUED
1786097614,b9270f7a5c774f74841bd4f156be2138,QUEUED
1786097614,c926225e4d4643cf8aebc206303eb77d,QUEUED
1786097617,b089c757c79748db86252d6112ec55db,QUEUED
1786097617,1e159c6850c6497596d37e84a5c384a4,PROCESSING
1786097617,38f04884b626454fb43af48677960970,QUEUED
1786097617,afef9660d2214befa9d2a58cd3e2faf5,QUEUED
1786097617,b9270f7a5c774f74841bd4f156be2138,QUEUED
1786097617,c926225e4d4643cf8aebc206303eb77d,QUEUED
1786097619,b089c757c79748db86252d6112ec55db,QUEUED
1786097619,1e159c6850c6497596d37e84a5c384a4,PROCESSING
1786097619,38f04884b626454fb43af48677960970,QUEUED
1786097619,afef9660d2214befa9d2a58cd3e2faf5,QUEUED
1786097619,b9270f7a5c774f74841bd4f156be2138,QUEUED
1786097619,c926225e4d4643cf8aebc206303eb77d,QUEUED
1786097621,b089c757c79748db86252d6112ec55db,QUEUED
1786097621,1e159c6850c6497596d37e84a5c384a4,PROCESSING
1786097621,38f04884b626454fb43af48677960970,QUEUED
1786097621,afef9660d2214befa9d2a58cd3e2faf5,QUEUED
1786097621,b9270f7a5c774f74841bd4f156be2138,QUEUED
1786097621,c926225e4d4643cf8aebc206303eb77d,QUEUED
1786097624,b089c757c79748db86252d6112ec55db,QUEUED
1786097624,1e159c6850c6497596d37e84a5c384a4,PROCESSING
1786097624,38f04884b626454fb43af48677960970,QUEUED
1786097624,afef9660d2214befa9d2a58cd3e2faf5,QUEUED
1786097624,b9270f7a5c774f74841bd4f156be2138,QUEUED
1786097624,c926225e4d4643cf8aebc206303eb77d,QUEUED
1786097626,b089c757c79748db86252d6112ec55db,QUEUED
1786097626,1e159c6850c6497596d37e84a5c384a4,PROCESSING
1786097626,38f04884b626454fb43af48677960970,QUEUED
1786097626,afef9660d2214befa9d2a58cd3e2faf5,QUEUED
1786097626,b9270f7a5c774f74841bd4f156be2138,QUEUED
1786097626,c926225e4d4643cf8aebc206303eb77d,QUEUED
1786097629,b089c757c79748db86252d6112ec55db,QUEUED
1786097629,1e159c6850c6497596d37e84a5c384a4,PROCESSING
1786097629,38f04884b626454fb43af48677960970,QUEUED
1786097629,afef9660d2214befa9d2a58cd3e2faf5,QUEUED
1786097629,b9270f7a5c774f74841bd4f156be2138,QUEUED
1786097629,c926225e4d4643cf8aebc206303eb77d,QUEUED
1786097631,b089c757c79748db86252d6112ec55db,QUEUED
1786097631,1e159c6850c6497596d37e84a5c384a4,PROCESSING
1786097631,38f04884b626454fb43af48677960970,QUEUED
1786097631,afef9660d2214befa9d2a58cd3e2faf5,QUEUED
1786097631,b9270f7a5c774f74841bd4f156be2138,QUEUED
1786097631,c926225e4d4643cf8aebc206303eb77d,QUEUED
1786097633,b089c757c79748db86252d6112ec55db,QUEUED
1786097633,1e159c6850c6497596d37e84a5c384a4,PROCESSING
1786097633,38f04884b626454fb43af48677960970,QUEUED
1786097633,afef9660d2214befa9d2a58cd3e2faf5,QUEUED
1786097633,b9270f7a5c774f74841bd4f156be2138,QUEUED
1786097633,c926225e4d4643cf8aebc206303eb77d,QUEUED
1786097636,b089c757c79748db86252d6112ec55db,QUEUED
1786097636,1e159c6850c6497596d37e84a5c384a4,PROCESSING
1786097636,38f04884b626454fb43af48677960970,QUEUED
1786097636,afef9660d2214befa9d2a58cd3e2faf5,QUEUED
1786097636,b9270f7a5c774f74841bd4f156be2138,QUEUED
1786097636,c926225e4d4643cf8aebc206303eb77d,QUEUED
1786097638,b089c757c79748db86252d6112ec55db,QUEUED
1786097638,1e159c6850c6497596d37e84a5c384a4,PROCESSING
1786097638,38f04884b626454fb43af48677960970,QUEUED
1786097638,afef9660d2214befa9d2a58cd3e2faf5,QUEUED
1786097638,b9270f7a5c774f74841bd4f156be2138,QUEUED
1786097638,c926225e4d4643cf8aebc206303eb77d,QUEUED
1786097641,b089c757c79748db86252d6112ec55db,QUEUED
1786097641,1e159c6850c6497596d37e84a5c384a4,PROCESSING
1786097641,38f04884b626454fb43af48677960970,QUEUED
1786097641,afef9660d2214befa9d2a58cd3e2faf5,QUEUED
1786097641,b9270f7a5c774f74841bd4f156be2138,QUEUED
1786097641,c926225e4d4643cf8aebc206303eb77d,QUEUED
1786097644,b089c757c79748db86252d6112ec55db,QUEUED
1786097644,1e159c6850c6497596d37e84a5c384a4,PROCESSING
1786097644,38f04884b626454fb43af48677960970,QUEUED
1786097644,afef9660d2214befa9d2a58cd3e2faf5,QUEUED
1786097644,b9270f7a5c774f74841bd4f156be2138,QUEUED
1786097644,c926225e4d4643cf8aebc206303eb77d,QUEUED
1786097646,b089c757c79748db86252d6112ec55db,QUEUED
1786097646,1e159c6850c6497596d37e84a5c384a4,PROCESSING
1786097646,38f04884b626454fb43af48677960970,QUEUED
1786097646,afef9660d2214befa9d2a58cd3e2faf5,QUEUED
1786097646,b9270f7a5c774f74841bd4f156be2138,QUEUED
1786097646,c926225e4d4643cf8aebc206303eb77d,QUEUED
1786097648,b089c757c79748db86252d6112ec55db,QUEUED
1786097648,1e159c6850c6497596d37e84a5c384a4,PROCESSING
1786097648,38f04884b626454fb43af48677960970,QUEUED
1786097648,afef9660d2214befa9d2a58cd3e2faf5,QUEUED
1786097648,b9270f7a5c774f74841bd4f156be2138,QUEUED
1786097648,c926225e4d4643cf8aebc206303eb77d,QUEUED
1786097651,b089c757c79748db86252d6112ec55db,QUEUED
1786097651,1e159c6850c6497596d37e84a5c384a4,PROCESSING
1786097651,38f04884b626454fb43af48677960970,QUEUED
1786097651,afef9660d2214befa9d2a58cd3e2faf5,QUEUED
1786097651,b9270f7a5c774f74841bd4f156be2138,QUEUED
1786097651,c926225e4d4643cf8aebc206303eb77d,QUEUED
1786097653,b089c757c79748db86252d6112ec55db,QUEUED
1786097653,1e159c6850c6497596d37e84a5c384a4,PROCESSING
1786097653,38f04884b626454fb43af48677960970,QUEUED
1786097653,afef9660d2214befa9d2a58cd3e2faf5,QUEUED
1786097653,b9270f7a5c774f74841bd4f156be2138,QUEUED
1786097653,c926225e4d4643cf8aebc206303eb77d,QUEUED
1786097656,b089c757c79748db86252d6112ec55db,QUEUED
1786097656,1e159c6850c6497596d37e84a5c384a4,PROCESSING
1786097656,38f04884b626454fb43af48677960970,QUEUED
1786097656,afef9660d2214befa9d2a58cd3e2faf5,QUEUED
1786097656,b9270f7a5c774f74841bd4f156be2138,QUEUED
1786097656,c926225e4d4643cf8aebc206303eb77d,QUEUED
1786097658,b089c757c79748db86252d6112ec55db,QUEUED
1786097658,1e159c6850c6497596d37e84a5c384a4,PROCESSING
1786097658,38f04884b626454fb43af48677960970,QUEUED
1786097658,afef9660d2214befa9d2a58cd3e2faf5,QUEUED
1786097658,b9270f7a5c774f74841bd4f156be2138,QUEUED
1786097658,c926225e4d4643cf8aebc206303eb77d,QUEUED
1786097660,b089c757c79748db86252d6112ec55db,QUEUED
1786097660,1e159c6850c6497596d37e84a5c384a4,PROCESSING
1786097660,38f04884b626454fb43af48677960970,QUEUED
1786097660,afef9660d2214befa9d2a58cd3e2faf5,QUEUED
1786097660,b9270f7a5c774f74841bd4f156be2138,QUEUED
1786097660,c926225e4d4643cf8aebc206303eb77d,QUEUED
1786097663,b089c757c79748db86252d6112ec55db,QUEUED
1786097663,1e159c6850c6497596d37e84a5c384a4,PROCESSING
1786097663,38f04884b626454fb43af48677960970,QUEUED
1786097663,afef9660d2214befa9d2a58cd3e2faf5,QUEUED
1786097663,b9270f7a5c774f74841bd4f156be2138,QUEUED
1786097663,c926225e4d4643cf8aebc206303eb77d,QUEUED
1786097665,b089c757c79748db86252d6112ec55db,QUEUED
1786097665,1e159c6850c6497596d37e84a5c384a4,PROCESSING
1786097665,38f04884b626454fb43af48677960970,QUEUED
1786097665,afef9660d2214befa9d2a58cd3e2faf5,QUEUED
1786097665,b9270f7a5c774f74841bd4f156be2138,QUEUED
1786097665,c926225e4d4643cf8aebc206303eb77d,QUEUED
1786097668,b089c757c79748db86252d6112ec55db,QUEUED
1786097668,1e159c6850c6497596d37e84a5c384a4,PROCESSING
1786097668,38f04884b626454fb43af48677960970,QUEUED
1786097668,afef9660d2214befa9d2a58cd3e2faf5,QUEUED
1786097668,b9270f7a5c774f74841bd4f156be2138,QUEUED
1786097668,c926225e4d4643cf8aebc206303eb77d,QUEUED
1786097670,b089c757c79748db86252d6112ec55db,QUEUED
1786097670,1e159c6850c6497596d37e84a5c384a4,PROCESSING
1786097670,38f04884b626454fb43af48677960970,QUEUED
1786097670,afef9660d2214befa9d2a58cd3e2faf5,QUEUED
1786097670,b9270f7a5c774f74841bd4f156be2138,QUEUED
1786097670,c926225e4d4643cf8aebc206303eb77d,QUEUED
1786097673,b089c757c79748db86252d6112ec55db,QUEUED
1786097673,1e159c6850c6497596d37e84a5c384a4,PROCESSING
1786097673,38f04884b626454fb43af48677960970,QUEUED
1786097673,afef9660d2214befa9d2a58cd3e2faf5,QUEUED
1786097673,b9270f7a5c774f74841bd4f156be2138,QUEUED
1786097673,c926225e4d4643cf8aebc206303eb77d,QUEUED
1786097675,b089c757c79748db86252d6112ec55db,QUEUED
1786097675,1e159c6850c6497596d37e84a5c384a4,PROCESSING
1786097675,38f04884b626454fb43af48677960970,QUEUED
1786097675,afef9660d2214befa9d2a58cd3e2faf5,QUEUED
1786097675,b9270f7a5c774f74841bd4f156be2138,QUEUED
1786097675,c926225e4d4643cf8aebc206303eb77d,QUEUED
1786097677,b089c757c79748db86252d6112ec55db,QUEUED
1786097677,1e159c6850c6497596d37e84a5c384a4,PROCESSING
1786097677,38f04884b626454fb43af48677960970,QUEUED
1786097677,afef9660d2214befa9d2a58cd3e2faf5,QUEUED
1786097677,b9270f7a5c774f74841bd4f156be2138,QUEUED
1786097677,c926225e4d4643cf8aebc206303eb77d,QUEUED
1786097680,b089c757c79748db86252d6112ec55db,QUEUED
1786097680,1e159c6850c6497596d37e84a5c384a4,PROCESSING
1786097680,38f04884b626454fb43af48677960970,QUEUED
1786097680,afef9660d2214befa9d2a58cd3e2faf5,QUEUED
1786097680,b9270f7a5c774f74841bd4f156be2138,QUEUED
1786097680,c926225e4d4643cf8aebc206303eb77d,QUEUED
1786097682,b089c757c79748db86252d6112ec55db,QUEUED
1786097682,1e159c6850c6497596d37e84a5c384a4,PROCESSING
1786097682,38f04884b626454fb43af48677960970,QUEUED
1786097682,afef9660d2214befa9d2a58cd3e2faf5,QUEUED
1786097682,b9270f7a5c774f74841bd4f156be2138,QUEUED
1786097682,c926225e4d4643cf8aebc206303eb77d,QUEUED
1786097685,b089c757c79748db86252d6112ec55db,QUEUED
1786097685,1e159c6850c6497596d37e84a5c384a4,PROCESSING
1786097685,38f04884b626454fb43af48677960970,QUEUED
1786097685,afef9660d2214befa9d2a58cd3e2faf5,QUEUED
1786097685,b9270f7a5c774f74841bd4f156be2138,QUEUED
1786097685,c926225e4d4643cf8aebc206303eb77d,QUEUED
1786097687,b089c757c79748db86252d6112ec55db,QUEUED
1786097687,1e159c6850c6497596d37e84a5c384a4,PROCESSING
1786097687,38f04884b626454fb43af48677960970,QUEUED
1786097687,afef9660d2214befa9d2a58cd3e2faf5,QUEUED
1786097687,b9270f7a5c774f74841bd4f156be2138,QUEUED
1786097687,c926225e4d4643cf8aebc206303eb77d,QUEUED
1786097689,b089c757c79748db86252d6112ec55db,QUEUED
1786097689,1e159c6850c6497596d37e84a5c384a4,PROCESSING
1786097689,38f04884b626454fb43af48677960970,QUEUED
1786097689,afef9660d2214befa9d2a58cd3e2faf5,QUEUED
1786097689,b9270f7a5c774f74841bd4f156be2138,QUEUED
1786097689,c926225e4d4643cf8aebc206303eb77d,QUEUED
1786097692,b089c757c79748db86252d6112ec55db,QUEUED
1786097692,1e159c6850c6497596d37e84a5c384a4,PROCESSING
1786097692,38f04884b626454fb43af48677960970,QUEUED
1786097692,afef9660d2214befa9d2a58cd3e2faf5,QUEUED
1786097692,b9270f7a5c774f74841bd4f156be2138,QUEUED
1786097692,c926225e4d4643cf8aebc206303eb77d,QUEUED
1786097694,b089c757c79748db86252d6112ec55db,QUEUED
1786097694,1e159c6850c6497596d37e84a5c384a4,PROCESSING
1786097694,38f04884b626454fb43af48677960970,QUEUED
1786097694,afef9660d2214befa9d2a58cd3e2faf5,QUEUED
1786097694,b9270f7a5c774f74841bd4f156be2138,QUEUED
1786097694,c926225e4d4643cf8aebc206303eb77d,QUEUED
1786097697,b089c757c79748db86252d6112ec55db,QUEUED
1786097697,1e159c6850c6497596d37e84a5c384a4,PROCESSING
1786097697,38f04884b626454fb43af48677960970,QUEUED
1786097697,afef9660d2214befa9d2a58cd3e2faf5,QUEUED
1786097697,b9270f7a5c774f74841bd4f156be2138,QUEUED
1786097697,c926225e4d4643cf8aebc206303eb77d,QUEUED
1786097700,b089c757c79748db86252d6112ec55db,QUEUED
1786097700,1e159c6850c6497596d37e84a5c384a4,PROCESSING
1786097700,38f04884b626454fb43af48677960970,QUEUED
1786097700,afef9660d2214befa9d2a58cd3e2faf5,QUEUED
1786097700,b9270f7a5c774f74841bd4f156be2138,QUEUED
1786097700,c926225e4d4643cf8aebc206303eb77d,QUEUED
1786097702,b089c757c79748db86252d6112ec55db,QUEUED
1786097702,1e159c6850c6497596d37e84a5c384a4,PROCESSING
1786097702,38f04884b626454fb43af48677960970,QUEUED
1786097702,afef9660d2214befa9d2a58cd3e2faf5,QUEUED
1786097702,b9270f7a5c774f74841bd4f156be2138,QUEUED
1786097702,c926225e4d4643cf8aebc206303eb77d,QUEUED
1786097705,b089c757c79748db86252d6112ec55db,QUEUED
1786097705,1e159c6850c6497596d37e84a5c384a4,PROCESSING
1786097705,38f04884b626454fb43af48677960970,QUEUED
1786097705,afef9660d2214befa9d2a58cd3e2faf5,QUEUED
1786097705,b9270f7a5c774f74841bd4f156be2138,QUEUED
1786097705,c926225e4d4643cf8aebc206303eb77d,QUEUED
1786097707,b089c757c79748db86252d6112ec55db,QUEUED
1786097707,1e159c6850c6497596d37e84a5c384a4,PROCESSING
1786097707,38f04884b626454fb43af48677960970,QUEUED
1786097707,afef9660d2214befa9d2a58cd3e2faf5,QUEUED
1786097707,b9270f7a5c774f74841bd4f156be2138,QUEUED
1786097707,c926225e4d4643cf8aebc206303eb77d,QUEUED
1786097710,b089c757c79748db86252d6112ec55db,QUEUED
1786097710,1e159c6850c6497596d37e84a5c384a4,PROCESSING
1786097710,38f04884b626454fb43af48677960970,QUEUED
1786097710,afef9660d2214befa9d2a58cd3e2faf5,QUEUED
1786097710,b9270f7a5c774f74841bd4f156be2138,QUEUED
1786097710,c926225e4d4643cf8aebc206303eb77d,QUEUED
1786097712,b089c757c79748db86252d6112ec55db,QUEUED
1786097712,1e159c6850c6497596d37e84a5c384a4,PROCESSING
1786097712,38f04884b626454fb43af48677960970,QUEUED
1786097712,afef9660d2214befa9d2a58cd3e2faf5,QUEUED
1786097712,b9270f7a5c774f74841bd4f156be2138,QUEUED
1786097712,c926225e4d4643cf8aebc206303eb77d,QUEUED
1786097715,b089c757c79748db86252d6112ec55db,QUEUED
1786097715,1e159c6850c6497596d37e84a5c384a4,PROCESSING
1786097715,38f04884b626454fb43af48677960970,QUEUED
1786097715,afef9660d2214befa9d2a58cd3e2faf5,QUEUED
1786097715,b9270f7a5c774f74841bd4f156be2138,QUEUED
1786097715,c926225e4d4643cf8aebc206303eb77d,QUEUED
1786097718,b089c757c79748db86252d6112ec55db,QUEUED
1786097718,1e159c6850c6497596d37e84a5c384a4,PROCESSING
1786097718,38f04884b626454fb43af48677960970,QUEUED
1786097718,afef9660d2214befa9d2a58cd3e2faf5,QUEUED
1786097718,b9270f7a5c774f74841bd4f156be2138,QUEUED
1786097718,c926225e4d4643cf8aebc206303eb77d,QUEUED
1786097720,b089c757c79748db86252d6112ec55db,QUEUED
1786097720,1e159c6850c6497596d37e84a5c384a4,PROCESSING
1786097720,38f04884b626454fb43af48677960970,QUEUED
1786097720,afef9660d2214befa9d2a58cd3e2faf5,QUEUED
1786097720,b9270f7a5c774f74841bd4f156be2138,QUEUED
1786097720,c926225e4d4643cf8aebc206303eb77d,QUEUED
1786097723,b089c757c79748db86252d6112ec55db,QUEUED
1786097723,1e159c6850c6497596d37e84a5c384a4,PROCESSING
1786097723,38f04884b626454fb43af48677960970,QUEUED
1786097723,afef9660d2214befa9d2a58cd3e2faf5,QUEUED
1786097723,b9270f7a5c774f74841bd4f156be2138,QUEUED
1786097723,c926225e4d4643cf8aebc206303eb77d,QUEUED
1786097725,b089c757c79748db86252d6112ec55db,QUEUED
1786097725,1e159c6850c6497596d37e84a5c384a4,DONE
1786097725,38f04884b626454fb43af48677960970,QUEUED
1786097725,afef9660d2214befa9d2a58cd3e2faf5,QUEUED
1786097725,b9270f7a5c774f74841bd4f156be2138,PROCESSING
1786097725,c926225e4d4643cf8aebc206303eb77d,QUEUED
1786097728,b089c757c79748db86252d6112ec55db,QUEUED
1786097728,38f04884b626454fb43af48677960970,QUEUED
1786097728,afef9660d2214befa9d2a58cd3e2faf5,QUEUED
1786097728,b9270f7a5c774f74841bd4f156be2138,PROCESSING
1786097728,c926225e4d4643cf8aebc206303eb77d,QUEUED
1786097730,b089c757c79748db86252d6112ec55db,QUEUED
1786097730,38f04884b626454fb43af48677960970,QUEUED
1786097730,afef9660d2214befa9d2a58cd3e2faf5,QUEUED
1786097730,b9270f7a5c774f74841bd4f156be2138,PROCESSING
1786097730,c926225e4d4643cf8aebc206303eb77d,QUEUED
1786097733,b089c757c79748db86252d6112ec55db,QUEUED
1786097733,38f04884b626454fb43af48677960970,QUEUED
1786097733,afef9660d2214befa9d2a58cd3e2faf5,QUEUED
1786097733,b9270f7a5c774f74841bd4f156be2138,PROCESSING
1786097733,c926225e4d4643cf8aebc206303eb77d,QUEUED
1786097735,b089c757c79748db86252d6112ec55db,QUEUED
1786097735,38f04884b626454fb43af48677960970,QUEUED
1786097735,afef9660d2214befa9d2a58cd3e2faf5,QUEUED
1786097735,b9270f7a5c774f74841bd4f156be2138,PROCESSING
1786097735,c926225e4d4643cf8aebc206303eb77d,QUEUED
1786097738,b089c757c79748db86252d6112ec55db,QUEUED
1786097738,38f04884b626454fb43af48677960970,QUEUED
1786097738,afef9660d2214befa9d2a58cd3e2faf5,QUEUED
1786097738,b9270f7a5c774f74841bd4f156be2138,PROCESSING
1786097738,c926225e4d4643cf8aebc206303eb77d,QUEUED
1786097740,b089c757c79748db86252d6112ec55db,QUEUED
1786097740,38f04884b626454fb43af48677960970,QUEUED
1786097740,afef9660d2214befa9d2a58cd3e2faf5,QUEUED
1786097740,b9270f7a5c774f74841bd4f156be2138,PROCESSING
1786097740,c926225e4d4643cf8aebc206303eb77d,QUEUED
1786097743,b089c757c79748db86252d6112ec55db,QUEUED
1786097743,38f04884b626454fb43af48677960970,QUEUED
1786097743,afef9660d2214befa9d2a58cd3e2faf5,QUEUED
1786097743,b9270f7a5c774f74841bd4f156be2138,PROCESSING
1786097743,c926225e4d4643cf8aebc206303eb77d,QUEUED
1786097745,b089c757c79748db86252d6112ec55db,QUEUED
1786097745,38f04884b626454fb43af48677960970,QUEUED
1786097745,afef9660d2214befa9d2a58cd3e2faf5,QUEUED
1786097745,b9270f7a5c774f74841bd4f156be2138,PROCESSING
1786097745,c926225e4d4643cf8aebc206303eb77d,QUEUED
1786097748,b089c757c79748db86252d6112ec55db,QUEUED
1786097748,38f04884b626454fb43af48677960970,QUEUED
1786097748,afef9660d2214befa9d2a58cd3e2faf5,QUEUED
1786097748,b9270f7a5c774f74841bd4f156be2138,PROCESSING
1786097748,c926225e4d4643cf8aebc206303eb77d,QUEUED
1786097750,b089c757c79748db86252d6112ec55db,QUEUED
1786097750,38f04884b626454fb43af48677960970,QUEUED
1786097750,afef9660d2214befa9d2a58cd3e2faf5,QUEUED
1786097750,b9270f7a5c774f74841bd4f156be2138,PROCESSING
1786097750,c926225e4d4643cf8aebc206303eb77d,QUEUED
1786097753,b089c757c79748db86252d6112ec55db,QUEUED
1786097753,38f04884b626454fb43af48677960970,QUEUED
1786097753,afef9660d2214befa9d2a58cd3e2faf5,QUEUED
1786097753,b9270f7a5c774f74841bd4f156be2138,PROCESSING
1786097753,c926225e4d4643cf8aebc206303eb77d,QUEUED
1786097755,b089c757c79748db86252d6112ec55db,QUEUED
1786097755,38f04884b626454fb43af48677960970,QUEUED
1786097755,afef9660d2214befa9d2a58cd3e2faf5,QUEUED
1786097755,b9270f7a5c774f74841bd4f156be2138,PROCESSING
1786097755,c926225e4d4643cf8aebc206303eb77d,QUEUED
1786097758,b089c757c79748db86252d6112ec55db,QUEUED
1786097758,38f04884b626454fb43af48677960970,QUEUED
1786097758,afef9660d2214befa9d2a58cd3e2faf5,QUEUED
1786097758,b9270f7a5c774f74841bd4f156be2138,PROCESSING
1786097758,c926225e4d4643cf8aebc206303eb77d,QUEUED
1786097760,b089c757c79748db86252d6112ec55db,QUEUED
1786097760,38f04884b626454fb43af48677960970,QUEUED
1786097760,afef9660d2214befa9d2a58cd3e2faf5,QUEUED
1786097760,b9270f7a5c774f74841bd4f156be2138,PROCESSING
1786097760,c926225e4d4643cf8aebc206303eb77d,QUEUED
1786097762,b089c757c79748db86252d6112ec55db,QUEUED
1786097762,38f04884b626454fb43af48677960970,QUEUED
1786097762,afef9660d2214befa9d2a58cd3e2faf5,QUEUED
1786097762,b9270f7a5c774f74841bd4f156be2138,PROCESSING
1786097762,c926225e4d4643cf8aebc206303eb77d,QUEUED
1786097765,b089c757c79748db86252d6112ec55db,QUEUED
1786097765,38f04884b626454fb43af48677960970,QUEUED
1786097765,afef9660d2214befa9d2a58cd3e2faf5,QUEUED
1786097765,b9270f7a5c774f74841bd4f156be2138,PROCESSING
1786097765,c926225e4d4643cf8aebc206303eb77d,QUEUED
1786097767,b089c757c79748db86252d6112ec55db,QUEUED
1786097767,38f04884b626454fb43af48677960970,QUEUED
1786097767,afef9660d2214befa9d2a58cd3e2faf5,QUEUED
1786097767,b9270f7a5c774f74841bd4f156be2138,PROCESSING
1786097767,c926225e4d4643cf8aebc206303eb77d,QUEUED
1786097770,b089c757c79748db86252d6112ec55db,QUEUED
1786097770,38f04884b626454fb43af48677960970,QUEUED
1786097770,afef9660d2214befa9d2a58cd3e2faf5,QUEUED
1786097770,b9270f7a5c774f74841bd4f156be2138,PROCESSING
1786097770,c926225e4d4643cf8aebc206303eb77d,QUEUED
1786097772,b089c757c79748db86252d6112ec55db,QUEUED
1786097772,38f04884b626454fb43af48677960970,QUEUED
1786097772,afef9660d2214befa9d2a58cd3e2faf5,QUEUED
1786097772,b9270f7a5c774f74841bd4f156be2138,PROCESSING
1786097772,c926225e4d4643cf8aebc206303eb77d,QUEUED
1786097774,b089c757c79748db86252d6112ec55db,QUEUED
1786097774,38f04884b626454fb43af48677960970,QUEUED
1786097774,afef9660d2214befa9d2a58cd3e2faf5,QUEUED
1786097774,b9270f7a5c774f74841bd4f156be2138,PROCESSING
1786097774,c926225e4d4643cf8aebc206303eb77d,QUEUED
1786097777,b089c757c79748db86252d6112ec55db,QUEUED
1786097777,38f04884b626454fb43af48677960970,QUEUED
1786097777,afef9660d2214befa9d2a58cd3e2faf5,QUEUED
1786097777,b9270f7a5c774f74841bd4f156be2138,PROCESSING
1786097777,c926225e4d4643cf8aebc206303eb77d,QUEUED
1786097779,b089c757c79748db86252d6112ec55db,QUEUED
1786097779,38f04884b626454fb43af48677960970,QUEUED
1786097779,afef9660d2214befa9d2a58cd3e2faf5,QUEUED
1786097779,b9270f7a5c774f74841bd4f156be2138,PROCESSING
1786097779,c926225e4d4643cf8aebc206303eb77d,QUEUED
1786097781,b089c757c79748db86252d6112ec55db,QUEUED
1786097781,38f04884b626454fb43af48677960970,QUEUED
1786097781,afef9660d2214befa9d2a58cd3e2faf5,QUEUED
1786097781,b9270f7a5c774f74841bd4f156be2138,PROCESSING
1786097781,c926225e4d4643cf8aebc206303eb77d,QUEUED
1786097784,b089c757c79748db86252d6112ec55db,QUEUED
1786097784,38f04884b626454fb43af48677960970,QUEUED
1786097784,afef9660d2214befa9d2a58cd3e2faf5,QUEUED
1786097784,b9270f7a5c774f74841bd4f156be2138,PROCESSING
1786097784,c926225e4d4643cf8aebc206303eb77d,QUEUED
1786097786,b089c757c79748db86252d6112ec55db,QUEUED
1786097786,38f04884b626454fb43af48677960970,QUEUED
1786097786,afef9660d2214befa9d2a58cd3e2faf5,QUEUED
1786097786,b9270f7a5c774f74841bd4f156be2138,PROCESSING
1786097786,c926225e4d4643cf8aebc206303eb77d,QUEUED
1786097788,b089c757c79748db86252d6112ec55db,QUEUED
1786097788,38f04884b626454fb43af48677960970,QUEUED
1786097788,afef9660d2214befa9d2a58cd3e2faf5,QUEUED
1786097788,b9270f7a5c774f74841bd4f156be2138,PROCESSING
1786097788,c926225e4d4643cf8aebc206303eb77d,QUEUED
1786097791,b089c757c79748db86252d6112ec55db,QUEUED
1786097791,38f04884b626454fb43af48677960970,QUEUED
1786097791,afef9660d2214befa9d2a58cd3e2faf5,QUEUED
1786097791,b9270f7a5c774f74841bd4f156be2138,PROCESSING
1786097791,c926225e4d4643cf8aebc206303eb77d,QUEUED
1786097793,b089c757c79748db86252d6112ec55db,QUEUED
1786097793,38f04884b626454fb43af48677960970,QUEUED
1786097793,afef9660d2214befa9d2a58cd3e2faf5,QUEUED
1786097793,b9270f7a5c774f74841bd4f156be2138,PROCESSING
1786097793,c926225e4d4643cf8aebc206303eb77d,QUEUED
1786097795,b089c757c79748db86252d6112ec55db,QUEUED
1786097795,38f04884b626454fb43af48677960970,QUEUED
1786097795,afef9660d2214befa9d2a58cd3e2faf5,QUEUED
1786097795,b9270f7a5c774f74841bd4f156be2138,PROCESSING
1786097795,c926225e4d4643cf8aebc206303eb77d,QUEUED
1786097798,b089c757c79748db86252d6112ec55db,QUEUED
1786097798,38f04884b626454fb43af48677960970,QUEUED
1786097798,afef9660d2214befa9d2a58cd3e2faf5,QUEUED
1786097798,b9270f7a5c774f74841bd4f156be2138,PROCESSING
1786097798,c926225e4d4643cf8aebc206303eb77d,QUEUED
1786097800,b089c757c79748db86252d6112ec55db,QUEUED
1786097800,38f04884b626454fb43af48677960970,QUEUED
1786097800,afef9660d2214befa9d2a58cd3e2faf5,QUEUED
1786097800,b9270f7a5c774f74841bd4f156be2138,PROCESSING
1786097800,c926225e4d4643cf8aebc206303eb77d,QUEUED
1786097802,b089c757c79748db86252d6112ec55db,QUEUED
1786097802,38f04884b626454fb43af48677960970,QUEUED
1786097802,afef9660d2214befa9d2a58cd3e2faf5,QUEUED
1786097802,b9270f7a5c774f74841bd4f156be2138,PROCESSING
1786097802,c926225e4d4643cf8aebc206303eb77d,QUEUED
1786097805,b089c757c79748db86252d6112ec55db,QUEUED
1786097805,38f04884b626454fb43af48677960970,QUEUED
1786097805,afef9660d2214befa9d2a58cd3e2faf5,QUEUED
1786097805,b9270f7a5c774f74841bd4f156be2138,PROCESSING
1786097805,c926225e4d4643cf8aebc206303eb77d,QUEUED
1786097807,b089c757c79748db86252d6112ec55db,QUEUED
1786097807,38f04884b626454fb43af48677960970,QUEUED
1786097807,afef9660d2214befa9d2a58cd3e2faf5,QUEUED
1786097807,b9270f7a5c774f74841bd4f156be2138,PROCESSING
1786097807,c926225e4d4643cf8aebc206303eb77d,QUEUED
1786097809,b089c757c79748db86252d6112ec55db,QUEUED
1786097809,38f04884b626454fb43af48677960970,QUEUED
1786097809,afef9660d2214befa9d2a58cd3e2faf5,QUEUED
1786097809,b9270f7a5c774f74841bd4f156be2138,PROCESSING
1786097809,c926225e4d4643cf8aebc206303eb77d,QUEUED
1786097812,b089c757c79748db86252d6112ec55db,QUEUED
1786097812,38f04884b626454fb43af48677960970,QUEUED
1786097812,afef9660d2214befa9d2a58cd3e2faf5,QUEUED
1786097812,b9270f7a5c774f74841bd4f156be2138,PROCESSING
1786097812,c926225e4d4643cf8aebc206303eb77d,QUEUED
1786097814,b089c757c79748db86252d6112ec55db,QUEUED
1786097814,38f04884b626454fb43af48677960970,QUEUED
1786097814,afef9660d2214befa9d2a58cd3e2faf5,QUEUED
1786097814,b9270f7a5c774f74841bd4f156be2138,PROCESSING
1786097814,c926225e4d4643cf8aebc206303eb77d,QUEUED
1786097817,b089c757c79748db86252d6112ec55db,QUEUED
1786097817,38f04884b626454fb43af48677960970,QUEUED
1786097817,afef9660d2214befa9d2a58cd3e2faf5,QUEUED
1786097817,b9270f7a5c774f74841bd4f156be2138,PROCESSING
1786097817,c926225e4d4643cf8aebc206303eb77d,QUEUED
1786097819,b089c757c79748db86252d6112ec55db,QUEUED
1786097819,38f04884b626454fb43af48677960970,QUEUED
1786097819,afef9660d2214befa9d2a58cd3e2faf5,QUEUED
1786097819,b9270f7a5c774f74841bd4f156be2138,PROCESSING
1786097819,c926225e4d4643cf8aebc206303eb77d,QUEUED
1786097821,b089c757c79748db86252d6112ec55db,QUEUED
1786097821,38f04884b626454fb43af48677960970,QUEUED
1786097821,afef9660d2214befa9d2a58cd3e2faf5,QUEUED
1786097821,b9270f7a5c774f74841bd4f156be2138,PROCESSING
1786097821,c926225e4d4643cf8aebc206303eb77d,QUEUED
1786097824,b089c757c79748db86252d6112ec55db,QUEUED
1786097824,38f04884b626454fb43af48677960970,QUEUED
1786097824,afef9660d2214befa9d2a58cd3e2faf5,QUEUED
1786097824,b9270f7a5c774f74841bd4f156be2138,PROCESSING
1786097824,c926225e4d4643cf8aebc206303eb77d,QUEUED
1786097826,b089c757c79748db86252d6112ec55db,QUEUED
1786097826,38f04884b626454fb43af48677960970,QUEUED
1786097826,afef9660d2214befa9d2a58cd3e2faf5,QUEUED
1786097826,b9270f7a5c774f74841bd4f156be2138,PROCESSING
1786097826,c926225e4d4643cf8aebc206303eb77d,QUEUED
1786097828,b089c757c79748db86252d6112ec55db,QUEUED
1786097828,38f04884b626454fb43af48677960970,QUEUED
1786097828,afef9660d2214befa9d2a58cd3e2faf5,QUEUED
1786097828,b9270f7a5c774f74841bd4f156be2138,PROCESSING
1786097828,c926225e4d4643cf8aebc206303eb77d,QUEUED
1786097831,b089c757c79748db86252d6112ec55db,QUEUED
1786097831,38f04884b626454fb43af48677960970,QUEUED
1786097831,afef9660d2214befa9d2a58cd3e2faf5,QUEUED
1786097831,b9270f7a5c774f74841bd4f156be2138,PROCESSING
1786097831,c926225e4d4643cf8aebc206303eb77d,QUEUED
1786097833,b089c757c79748db86252d6112ec55db,QUEUED
1786097833,38f04884b626454fb43af48677960970,QUEUED
1786097833,afef9660d2214befa9d2a58cd3e2faf5,QUEUED
1786097833,b9270f7a5c774f74841bd4f156be2138,PROCESSING
1786097833,c926225e4d4643cf8aebc206303eb77d,QUEUED
1786097836,b089c757c79748db86252d6112ec55db,QUEUED
1786097836,38f04884b626454fb43af48677960970,QUEUED
1786097836,afef9660d2214befa9d2a58cd3e2faf5,QUEUED
1786097836,b9270f7a5c774f74841bd4f156be2138,PROCESSING
1786097836,c926225e4d4643cf8aebc206303eb77d,QUEUED
1786097838,b089c757c79748db86252d6112ec55db,QUEUED
1786097838,38f04884b626454fb43af48677960970,QUEUED
1786097838,afef9660d2214befa9d2a58cd3e2faf5,QUEUED
1786097838,b9270f7a5c774f74841bd4f156be2138,PROCESSING
1786097838,c926225e4d4643cf8aebc206303eb77d,QUEUED
1786097840,b089c757c79748db86252d6112ec55db,QUEUED
1786097840,38f04884b626454fb43af48677960970,QUEUED
1786097840,afef9660d2214befa9d2a58cd3e2faf5,QUEUED
1786097840,b9270f7a5c774f74841bd4f156be2138,PROCESSING
1786097840,c926225e4d4643cf8aebc206303eb77d,QUEUED
1786097843,b089c757c79748db86252d6112ec55db,QUEUED
1786097843,38f04884b626454fb43af48677960970,QUEUED
1786097843,afef9660d2214befa9d2a58cd3e2faf5,QUEUED
1786097843,b9270f7a5c774f74841bd4f156be2138,PROCESSING
1786097843,c926225e4d4643cf8aebc206303eb77d,QUEUED
1786097845,b089c757c79748db86252d6112ec55db,QUEUED
1786097845,38f04884b626454fb43af48677960970,QUEUED
1786097845,afef9660d2214befa9d2a58cd3e2faf5,QUEUED
1786097845,b9270f7a5c774f74841bd4f156be2138,PROCESSING
1786097845,c926225e4d4643cf8aebc206303eb77d,QUEUED
1786097847,b089c757c79748db86252d6112ec55db,QUEUED
1786097847,38f04884b626454fb43af48677960970,QUEUED
1786097847,afef9660d2214befa9d2a58cd3e2faf5,QUEUED
1786097847,b9270f7a5c774f74841bd4f156be2138,PROCESSING
1786097847,c926225e4d4643cf8aebc206303eb77d,QUEUED
1786097850,b089c757c79748db86252d6112ec55db,QUEUED
1786097850,38f04884b626454fb43af48677960970,QUEUED
1786097850,afef9660d2214befa9d2a58cd3e2faf5,QUEUED
1786097850,b9270f7a5c774f74841bd4f156be2138,PROCESSING
1786097850,c926225e4d4643cf8aebc206303eb77d,QUEUED
1786097852,b089c757c79748db86252d6112ec55db,QUEUED
1786097852,38f04884b626454fb43af48677960970,QUEUED
1786097852,afef9660d2214befa9d2a58cd3e2faf5,QUEUED
1786097852,b9270f7a5c774f74841bd4f156be2138,PROCESSING
1786097852,c926225e4d4643cf8aebc206303eb77d,QUEUED
1786097854,b089c757c79748db86252d6112ec55db,QUEUED
1786097854,38f04884b626454fb43af48677960970,QUEUED
1786097854,afef9660d2214befa9d2a58cd3e2faf5,QUEUED
1786097854,b9270f7a5c774f74841bd4f156be2138,PROCESSING
1786097854,c926225e4d4643cf8aebc206303eb77d,QUEUED
1786097857,b089c757c79748db86252d6112ec55db,QUEUED
1786097857,38f04884b626454fb43af48677960970,QUEUED
1786097857,afef9660d2214befa9d2a58cd3e2faf5,QUEUED
1786097857,b9270f7a5c774f74841bd4f156be2138,PROCESSING
1786097857,c926225e4d4643cf8aebc206303eb77d,QUEUED
1786097859,b089c757c79748db86252d6112ec55db,QUEUED
1786097859,38f04884b626454fb43af48677960970,QUEUED
1786097859,afef9660d2214befa9d2a58cd3e2faf5,QUEUED
1786097859,b9270f7a5c774f74841bd4f156be2138,PROCESSING
1786097859,c926225e4d4643cf8aebc206303eb77d,QUEUED
1786097861,b089c757c79748db86252d6112ec55db,QUEUED
1786097861,38f04884b626454fb43af48677960970,QUEUED
1786097861,afef9660d2214befa9d2a58cd3e2faf5,QUEUED
1786097861,b9270f7a5c774f74841bd4f156be2138,PROCESSING
1786097861,c926225e4d4643cf8aebc206303eb77d,QUEUED
1786097864,b089c757c79748db86252d6112ec55db,QUEUED
1786097864,38f04884b626454fb43af48677960970,QUEUED
1786097864,afef9660d2214befa9d2a58cd3e2faf5,QUEUED
1786097864,b9270f7a5c774f74841bd4f156be2138,PROCESSING
1786097864,c926225e4d4643cf8aebc206303eb77d,QUEUED
1786097866,b089c757c79748db86252d6112ec55db,QUEUED
1786097866,38f04884b626454fb43af48677960970,QUEUED
1786097866,afef9660d2214befa9d2a58cd3e2faf5,QUEUED
1786097866,b9270f7a5c774f74841bd4f156be2138,PROCESSING
1786097866,c926225e4d4643cf8aebc206303eb77d,QUEUED
1786097868,b089c757c79748db86252d6112ec55db,QUEUED
1786097868,38f04884b626454fb43af48677960970,QUEUED
1786097868,afef9660d2214befa9d2a58cd3e2faf5,QUEUED
1786097868,b9270f7a5c774f74841bd4f156be2138,PROCESSING
1786097868,c926225e4d4643cf8aebc206303eb77d,QUEUED
1786097871,b089c757c79748db86252d6112ec55db,QUEUED
1786097871,38f04884b626454fb43af48677960970,QUEUED
1786097871,afef9660d2214befa9d2a58cd3e2faf5,QUEUED
1786097871,b9270f7a5c774f74841bd4f156be2138,PROCESSING
1786097871,c926225e4d4643cf8aebc206303eb77d,QUEUED
1786097873,b089c757c79748db86252d6112ec55db,QUEUED
1786097873,38f04884b626454fb43af48677960970,QUEUED
1786097873,afef9660d2214befa9d2a58cd3e2faf5,QUEUED
1786097873,b9270f7a5c774f74841bd4f156be2138,PROCESSING
1786097873,c926225e4d4643cf8aebc206303eb77d,QUEUED
1786097875,b089c757c79748db86252d6112ec55db,QUEUED
1786097875,38f04884b626454fb43af48677960970,QUEUED
1786097875,afef9660d2214befa9d2a58cd3e2faf5,QUEUED
1786097875,b9270f7a5c774f74841bd4f156be2138,PROCESSING
1786097875,c926225e4d4643cf8aebc206303eb77d,QUEUED
1786097878,b089c757c79748db86252d6112ec55db,QUEUED
1786097878,38f04884b626454fb43af48677960970,QUEUED
1786097878,afef9660d2214befa9d2a58cd3e2faf5,QUEUED
1786097878,b9270f7a5c774f74841bd4f156be2138,PROCESSING
1786097878,c926225e4d4643cf8aebc206303eb77d,QUEUED
1786097880,b089c757c79748db86252d6112ec55db,QUEUED
1786097880,38f04884b626454fb43af48677960970,QUEUED
1786097880,afef9660d2214befa9d2a58cd3e2faf5,QUEUED
1786097880,b9270f7a5c774f74841bd4f156be2138,PROCESSING
1786097880,c926225e4d4643cf8aebc206303eb77d,QUEUED
1786097883,b089c757c79748db86252d6112ec55db,QUEUED
1786097883,38f04884b626454fb43af48677960970,QUEUED
1786097883,afef9660d2214befa9d2a58cd3e2faf5,QUEUED
1786097883,b9270f7a5c774f74841bd4f156be2138,PROCESSING
1786097883,c926225e4d4643cf8aebc206303eb77d,QUEUED
1786097885,b089c757c79748db86252d6112ec55db,QUEUED
1786097885,38f04884b626454fb43af48677960970,QUEUED
1786097885,afef9660d2214befa9d2a58cd3e2faf5,QUEUED
1786097885,b9270f7a5c774f74841bd4f156be2138,PROCESSING
1786097885,c926225e4d4643cf8aebc206303eb77d,QUEUED
1786097887,b089c757c79748db86252d6112ec55db,QUEUED
1786097887,38f04884b626454fb43af48677960970,QUEUED
1786097887,afef9660d2214befa9d2a58cd3e2faf5,QUEUED
1786097887,b9270f7a5c774f74841bd4f156be2138,PROCESSING
1786097887,c926225e4d4643cf8aebc206303eb77d,QUEUED
1786097890,b089c757c79748db86252d6112ec55db,QUEUED
1786097890,38f04884b626454fb43af48677960970,QUEUED
1786097890,afef9660d2214befa9d2a58cd3e2faf5,QUEUED
1786097890,b9270f7a5c774f74841bd4f156be2138,PROCESSING
1786097890,c926225e4d4643cf8aebc206303eb77d,QUEUED
1786097892,b089c757c79748db86252d6112ec55db,QUEUED
1786097892,38f04884b626454fb43af48677960970,QUEUED
1786097892,afef9660d2214befa9d2a58cd3e2faf5,QUEUED
1786097892,b9270f7a5c774f74841bd4f156be2138,PROCESSING
1786097892,c926225e4d4643cf8aebc206303eb77d,QUEUED
1786097894,b089c757c79748db86252d6112ec55db,QUEUED
1786097894,38f04884b626454fb43af48677960970,QUEUED
1786097894,afef9660d2214befa9d2a58cd3e2faf5,QUEUED
1786097894,b9270f7a5c774f74841bd4f156be2138,PROCESSING
1786097894,c926225e4d4643cf8aebc206303eb77d,QUEUED
1786097897,b089c757c79748db86252d6112ec55db,QUEUED
1786097897,38f04884b626454fb43af48677960970,QUEUED
1786097897,afef9660d2214befa9d2a58cd3e2faf5,QUEUED
1786097897,b9270f7a5c774f74841bd4f156be2138,PROCESSING
1786097897,c926225e4d4643cf8aebc206303eb77d,QUEUED
1786097899,b089c757c79748db86252d6112ec55db,QUEUED
1786097899,38f04884b626454fb43af48677960970,QUEUED
1786097899,afef9660d2214befa9d2a58cd3e2faf5,QUEUED
1786097899,b9270f7a5c774f74841bd4f156be2138,PROCESSING
1786097899,c926225e4d4643cf8aebc206303eb77d,QUEUED
1786097901,b089c757c79748db86252d6112ec55db,QUEUED
1786097901,38f04884b626454fb43af48677960970,QUEUED
1786097901,afef9660d2214befa9d2a58cd3e2faf5,QUEUED
1786097901,b9270f7a5c774f74841bd4f156be2138,PROCESSING
1786097901,c926225e4d4643cf8aebc206303eb77d,QUEUED
1786097904,b089c757c79748db86252d6112ec55db,QUEUED
1786097904,38f04884b626454fb43af48677960970,QUEUED
1786097904,afef9660d2214befa9d2a58cd3e2faf5,QUEUED
1786097904,b9270f7a5c774f74841bd4f156be2138,PROCESSING
1786097904,c926225e4d4643cf8aebc206303eb77d,QUEUED
1786097906,b089c757c79748db86252d6112ec55db,QUEUED
1786097906,38f04884b626454fb43af48677960970,QUEUED
1786097906,afef9660d2214befa9d2a58cd3e2faf5,QUEUED
1786097906,b9270f7a5c774f74841bd4f156be2138,PROCESSING
1786097906,c926225e4d4643cf8aebc206303eb77d,QUEUED
1786097908,b089c757c79748db86252d6112ec55db,QUEUED
1786097908,38f04884b626454fb43af48677960970,QUEUED
1786097908,afef9660d2214befa9d2a58cd3e2faf5,QUEUED
1786097908,b9270f7a5c774f74841bd4f156be2138,PROCESSING
1786097908,c926225e4d4643cf8aebc206303eb77d,QUEUED
1786097911,b089c757c79748db86252d6112ec55db,QUEUED
1786097911,38f04884b626454fb43af48677960970,QUEUED
1786097911,afef9660d2214befa9d2a58cd3e2faf5,QUEUED
1786097911,b9270f7a5c774f74841bd4f156be2138,PROCESSING
1786097911,c926225e4d4643cf8aebc206303eb77d,QUEUED
1786097913,b089c757c79748db86252d6112ec55db,QUEUED
1786097913,38f04884b626454fb43af48677960970,QUEUED
1786097913,afef9660d2214befa9d2a58cd3e2faf5,QUEUED
1786097913,b9270f7a5c774f74841bd4f156be2138,PROCESSING
1786097913,c926225e4d4643cf8aebc206303eb77d,QUEUED
1786097915,b089c757c79748db86252d6112ec55db,QUEUED
1786097915,38f04884b626454fb43af48677960970,QUEUED
1786097915,afef9660d2214befa9d2a58cd3e2faf5,QUEUED
1786097915,b9270f7a5c774f74841bd4f156be2138,PROCESSING
1786097915,c926225e4d4643cf8aebc206303eb77d,QUEUED
1786097918,b089c757c79748db86252d6112ec55db,QUEUED
1786097918,38f04884b626454fb43af48677960970,QUEUED
1786097918,afef9660d2214befa9d2a58cd3e2faf5,QUEUED
1786097918,b9270f7a5c774f74841bd4f156be2138,PROCESSING
1786097918,c926225e4d4643cf8aebc206303eb77d,QUEUED
1786097920,b089c757c79748db86252d6112ec55db,QUEUED
1786097920,38f04884b626454fb43af48677960970,QUEUED
1786097920,afef9660d2214befa9d2a58cd3e2faf5,QUEUED
1786097920,b9270f7a5c774f74841bd4f156be2138,PROCESSING
1786097920,c926225e4d4643cf8aebc206303eb77d,QUEUED
1786097922,b089c757c79748db86252d6112ec55db,QUEUED
1786097922,38f04884b626454fb43af48677960970,QUEUED
1786097922,afef9660d2214befa9d2a58cd3e2faf5,QUEUED
1786097922,b9270f7a5c774f74841bd4f156be2138,PROCESSING
1786097922,c926225e4d4643cf8aebc206303eb77d,QUEUED
1786097925,b089c757c79748db86252d6112ec55db,QUEUED
1786097925,38f04884b626454fb43af48677960970,QUEUED
1786097925,afef9660d2214befa9d2a58cd3e2faf5,QUEUED
1786097925,b9270f7a5c774f74841bd4f156be2138,PROCESSING
1786097925,c926225e4d4643cf8aebc206303eb77d,QUEUED
1786097927,b089c757c79748db86252d6112ec55db,QUEUED
1786097927,38f04884b626454fb43af48677960970,QUEUED
1786097927,afef9660d2214befa9d2a58cd3e2faf5,QUEUED
1786097927,b9270f7a5c774f74841bd4f156be2138,PROCESSING
1786097927,c926225e4d4643cf8aebc206303eb77d,QUEUED
1786097930,b089c757c79748db86252d6112ec55db,QUEUED
1786097930,38f04884b626454fb43af48677960970,QUEUED
1786097930,afef9660d2214befa9d2a58cd3e2faf5,QUEUED
1786097930,b9270f7a5c774f74841bd4f156be2138,PROCESSING
1786097930,c926225e4d4643cf8aebc206303eb77d,QUEUED
1786097932,b089c757c79748db86252d6112ec55db,QUEUED
1786097932,38f04884b626454fb43af48677960970,QUEUED
1786097932,afef9660d2214befa9d2a58cd3e2faf5,QUEUED
1786097932,b9270f7a5c774f74841bd4f156be2138,PROCESSING
1786097932,c926225e4d4643cf8aebc206303eb77d,QUEUED
1786097934,b089c757c79748db86252d6112ec55db,QUEUED
1786097934,38f04884b626454fb43af48677960970,QUEUED
1786097934,afef9660d2214befa9d2a58cd3e2faf5,QUEUED
1786097934,b9270f7a5c774f74841bd4f156be2138,PROCESSING
1786097934,c926225e4d4643cf8aebc206303eb77d,QUEUED
1786097937,b089c757c79748db86252d6112ec55db,QUEUED
1786097937,38f04884b626454fb43af48677960970,QUEUED
1786097937,afef9660d2214befa9d2a58cd3e2faf5,QUEUED
1786097937,b9270f7a5c774f74841bd4f156be2138,PROCESSING
1786097937,c926225e4d4643cf8aebc206303eb77d,QUEUED
1786097939,b089c757c79748db86252d6112ec55db,QUEUED
1786097939,38f04884b626454fb43af48677960970,QUEUED
1786097939,afef9660d2214befa9d2a58cd3e2faf5,QUEUED
1786097939,b9270f7a5c774f74841bd4f156be2138,PROCESSING
1786097939,c926225e4d4643cf8aebc206303eb77d,QUEUED
1786097942,b089c757c79748db86252d6112ec55db,QUEUED
1786097942,38f04884b626454fb43af48677960970,QUEUED
1786097942,afef9660d2214befa9d2a58cd3e2faf5,QUEUED
1786097942,b9270f7a5c774f74841bd4f156be2138,PROCESSING
1786097942,c926225e4d4643cf8aebc206303eb77d,QUEUED
1786097944,b089c757c79748db86252d6112ec55db,QUEUED
1786097944,38f04884b626454fb43af48677960970,QUEUED
1786097944,afef9660d2214befa9d2a58cd3e2faf5,QUEUED
1786097944,b9270f7a5c774f74841bd4f156be2138,PROCESSING
1786097944,c926225e4d4643cf8aebc206303eb77d,QUEUED
1786097946,b089c757c79748db86252d6112ec55db,QUEUED
1786097946,38f04884b626454fb43af48677960970,QUEUED
1786097946,afef9660d2214befa9d2a58cd3e2faf5,QUEUED
1786097946,b9270f7a5c774f74841bd4f156be2138,PROCESSING
1786097946,c926225e4d4643cf8aebc206303eb77d,QUEUED
1786097949,b089c757c79748db86252d6112ec55db,QUEUED
1786097949,38f04884b626454fb43af48677960970,QUEUED
1786097949,afef9660d2214befa9d2a58cd3e2faf5,QUEUED
1786097949,b9270f7a5c774f74841bd4f156be2138,PROCESSING
1786097949,c926225e4d4643cf8aebc206303eb77d,QUEUED
1786097951,b089c757c79748db86252d6112ec55db,QUEUED
1786097951,38f04884b626454fb43af48677960970,QUEUED
1786097951,afef9660d2214befa9d2a58cd3e2faf5,QUEUED
1786097951,b9270f7a5c774f74841bd4f156be2138,PROCESSING
1786097951,c926225e4d4643cf8aebc206303eb77d,QUEUED
1786097954,b089c757c79748db86252d6112ec55db,QUEUED
1786097954,38f04884b626454fb43af48677960970,QUEUED
1786097954,afef9660d2214befa9d2a58cd3e2faf5,QUEUED
1786097954,b9270f7a5c774f74841bd4f156be2138,PROCESSING
1786097954,c926225e4d4643cf8aebc206303eb77d,QUEUED
1786097956,b089c757c79748db86252d6112ec55db,QUEUED
1786097956,38f04884b626454fb43af48677960970,QUEUED
1786097956,afef9660d2214befa9d2a58cd3e2faf5,QUEUED
1786097956,b9270f7a5c774f74841bd4f156be2138,PROCESSING
1786097956,c926225e4d4643cf8aebc206303eb77d,QUEUED
1786097959,b089c757c79748db86252d6112ec55db,QUEUED
1786097959,38f04884b626454fb43af48677960970,QUEUED
1786097959,afef9660d2214befa9d2a58cd3e2faf5,QUEUED
1786097959,b9270f7a5c774f74841bd4f156be2138,PROCESSING
1786097959,c926225e4d4643cf8aebc206303eb77d,QUEUED
1786097961,b089c757c79748db86252d6112ec55db,QUEUED
1786097961,38f04884b626454fb43af48677960970,QUEUED
1786097961,afef9660d2214befa9d2a58cd3e2faf5,QUEUED
1786097961,b9270f7a5c774f74841bd4f156be2138,PROCESSING
1786097961,c926225e4d4643cf8aebc206303eb77d,QUEUED
1786097963,b089c757c79748db86252d6112ec55db,QUEUED
1786097963,38f04884b626454fb43af48677960970,QUEUED
1786097963,afef9660d2214befa9d2a58cd3e2faf5,QUEUED
1786097963,b9270f7a5c774f74841bd4f156be2138,PROCESSING
1786097963,c926225e4d4643cf8aebc206303eb77d,QUEUED
1786097966,b089c757c79748db86252d6112ec55db,QUEUED
1786097966,38f04884b626454fb43af48677960970,QUEUED
1786097966,afef9660d2214befa9d2a58cd3e2faf5,PROCESSING
1786097966,b9270f7a5c774f74841bd4f156be2138,DONE
1786097966,c926225e4d4643cf8aebc206303eb77d,QUEUED
1786097968,b089c757c79748db86252d6112ec55db,QUEUED
1786097968,38f04884b626454fb43af48677960970,QUEUED
1786097968,afef9660d2214befa9d2a58cd3e2faf5,PROCESSING
1786097968,c926225e4d4643cf8aebc206303eb77d,QUEUED
1786097971,b089c757c79748db86252d6112ec55db,QUEUED
1786097971,38f04884b626454fb43af48677960970,QUEUED
1786097971,afef9660d2214befa9d2a58cd3e2faf5,PROCESSING
1786097971,c926225e4d4643cf8aebc206303eb77d,QUEUED
1786097973,b089c757c79748db86252d6112ec55db,QUEUED
1786097973,38f04884b626454fb43af48677960970,QUEUED
1786097973,afef9660d2214befa9d2a58cd3e2faf5,PROCESSING
1786097973,c926225e4d4643cf8aebc206303eb77d,QUEUED
1786097975,b089c757c79748db86252d6112ec55db,QUEUED
1786097975,38f04884b626454fb43af48677960970,QUEUED
1786097975,afef9660d2214befa9d2a58cd3e2faf5,PROCESSING
1786097975,c926225e4d4643cf8aebc206303eb77d,QUEUED
1786097978,b089c757c79748db86252d6112ec55db,QUEUED
1786097978,38f04884b626454fb43af48677960970,QUEUED
1786097978,afef9660d2214befa9d2a58cd3e2faf5,PROCESSING
1786097978,c926225e4d4643cf8aebc206303eb77d,QUEUED
1786097980,b089c757c79748db86252d6112ec55db,QUEUED
1786097980,38f04884b626454fb43af48677960970,QUEUED
1786097980,afef9660d2214befa9d2a58cd3e2faf5,PROCESSING
1786097980,c926225e4d4643cf8aebc206303eb77d,QUEUED
1786097982,b089c757c79748db86252d6112ec55db,QUEUED
1786097982,38f04884b626454fb43af48677960970,QUEUED
1786097982,afef9660d2214befa9d2a58cd3e2faf5,PROCESSING
1786097982,c926225e4d4643cf8aebc206303eb77d,QUEUED
1786097985,b089c757c79748db86252d6112ec55db,QUEUED
1786097985,38f04884b626454fb43af48677960970,QUEUED
1786097985,afef9660d2214befa9d2a58cd3e2faf5,PROCESSING
1786097985,c926225e4d4643cf8aebc206303eb77d,QUEUED
1786097987,b089c757c79748db86252d6112ec55db,QUEUED
1786097987,38f04884b626454fb43af48677960970,QUEUED
1786097987,afef9660d2214befa9d2a58cd3e2faf5,PROCESSING
1786097987,c926225e4d4643cf8aebc206303eb77d,QUEUED
1786097990,b089c757c79748db86252d6112ec55db,QUEUED
1786097990,38f04884b626454fb43af48677960970,QUEUED
1786097990,afef9660d2214befa9d2a58cd3e2faf5,PROCESSING
1786097990,c926225e4d4643cf8aebc206303eb77d,QUEUED
1786097992,b089c757c79748db86252d6112ec55db,QUEUED
1786097992,38f04884b626454fb43af48677960970,QUEUED
1786097992,afef9660d2214befa9d2a58cd3e2faf5,PROCESSING
1786097992,c926225e4d4643cf8aebc206303eb77d,QUEUED
1786097994,b089c757c79748db86252d6112ec55db,QUEUED
1786097994,38f04884b626454fb43af48677960970,QUEUED
1786097994,afef9660d2214befa9d2a58cd3e2faf5,PROCESSING
1786097994,c926225e4d4643cf8aebc206303eb77d,QUEUED
1786097997,b089c757c79748db86252d6112ec55db,QUEUED
1786097997,38f04884b626454fb43af48677960970,QUEUED
1786097997,afef9660d2214befa9d2a58cd3e2faf5,PROCESSING
1786097997,c926225e4d4643cf8aebc206303eb77d,QUEUED
1786097999,b089c757c79748db86252d6112ec55db,QUEUED
1786097999,38f04884b626454fb43af48677960970,QUEUED
1786097999,afef9660d2214befa9d2a58cd3e2faf5,PROCESSING
1786097999,c926225e4d4643cf8aebc206303eb77d,QUEUED
1786098001,b089c757c79748db86252d6112ec55db,QUEUED
1786098001,38f04884b626454fb43af48677960970,QUEUED
1786098001,afef9660d2214befa9d2a58cd3e2faf5,PROCESSING
1786098001,c926225e4d4643cf8aebc206303eb77d,QUEUED
1786098004,b089c757c79748db86252d6112ec55db,QUEUED
1786098004,38f04884b626454fb43af48677960970,QUEUED
1786098004,afef9660d2214befa9d2a58cd3e2faf5,PROCESSING
1786098004,c926225e4d4643cf8aebc206303eb77d,QUEUED
1786098006,b089c757c79748db86252d6112ec55db,QUEUED
1786098006,38f04884b626454fb43af48677960970,QUEUED
1786098006,afef9660d2214befa9d2a58cd3e2faf5,PROCESSING
1786098006,c926225e4d4643cf8aebc206303eb77d,QUEUED
1786098008,b089c757c79748db86252d6112ec55db,QUEUED
1786098008,38f04884b626454fb43af48677960970,QUEUED
1786098008,afef9660d2214befa9d2a58cd3e2faf5,PROCESSING
1786098008,c926225e4d4643cf8aebc206303eb77d,QUEUED
1786098010,b089c757c79748db86252d6112ec55db,QUEUED
1786098010,38f04884b626454fb43af48677960970,QUEUED
1786098010,afef9660d2214befa9d2a58cd3e2faf5,PROCESSING
1786098010,c926225e4d4643cf8aebc206303eb77d,QUEUED
1786098013,b089c757c79748db86252d6112ec55db,QUEUED
1786098013,38f04884b626454fb43af48677960970,QUEUED
1786098013,afef9660d2214befa9d2a58cd3e2faf5,PROCESSING
1786098013,c926225e4d4643cf8aebc206303eb77d,QUEUED
1786098015,b089c757c79748db86252d6112ec55db,QUEUED
1786098015,38f04884b626454fb43af48677960970,QUEUED
1786098015,afef9660d2214befa9d2a58cd3e2faf5,PROCESSING
1786098015,c926225e4d4643cf8aebc206303eb77d,QUEUED
1786098017,b089c757c79748db86252d6112ec55db,QUEUED
1786098017,38f04884b626454fb43af48677960970,QUEUED
1786098017,afef9660d2214befa9d2a58cd3e2faf5,PROCESSING
1786098017,c926225e4d4643cf8aebc206303eb77d,QUEUED
1786098020,b089c757c79748db86252d6112ec55db,QUEUED
1786098020,38f04884b626454fb43af48677960970,QUEUED
1786098020,afef9660d2214befa9d2a58cd3e2faf5,PROCESSING
1786098020,c926225e4d4643cf8aebc206303eb77d,QUEUED
1786098022,b089c757c79748db86252d6112ec55db,QUEUED
1786098022,38f04884b626454fb43af48677960970,QUEUED
1786098022,afef9660d2214befa9d2a58cd3e2faf5,PROCESSING
1786098022,c926225e4d4643cf8aebc206303eb77d,QUEUED
1786098024,b089c757c79748db86252d6112ec55db,QUEUED
1786098024,38f04884b626454fb43af48677960970,QUEUED
1786098024,afef9660d2214befa9d2a58cd3e2faf5,PROCESSING
1786098024,c926225e4d4643cf8aebc206303eb77d,QUEUED
1786098026,b089c757c79748db86252d6112ec55db,QUEUED
1786098026,38f04884b626454fb43af48677960970,QUEUED
1786098026,afef9660d2214befa9d2a58cd3e2faf5,PROCESSING
1786098026,c926225e4d4643cf8aebc206303eb77d,QUEUED
1786098029,b089c757c79748db86252d6112ec55db,QUEUED
1786098029,38f04884b626454fb43af48677960970,QUEUED
1786098029,afef9660d2214befa9d2a58cd3e2faf5,PROCESSING
1786098029,c926225e4d4643cf8aebc206303eb77d,QUEUED
1786098031,b089c757c79748db86252d6112ec55db,QUEUED
1786098031,38f04884b626454fb43af48677960970,QUEUED
1786098031,afef9660d2214befa9d2a58cd3e2faf5,PROCESSING
1786098031,c926225e4d4643cf8aebc206303eb77d,QUEUED
1786098033,b089c757c79748db86252d6112ec55db,QUEUED
1786098033,38f04884b626454fb43af48677960970,QUEUED
1786098033,afef9660d2214befa9d2a58cd3e2faf5,PROCESSING
1786098033,c926225e4d4643cf8aebc206303eb77d,QUEUED
1786098036,b089c757c79748db86252d6112ec55db,QUEUED
1786098036,38f04884b626454fb43af48677960970,QUEUED
1786098036,afef9660d2214befa9d2a58cd3e2faf5,PROCESSING
1786098036,c926225e4d4643cf8aebc206303eb77d,QUEUED
1786098038,b089c757c79748db86252d6112ec55db,QUEUED
1786098038,38f04884b626454fb43af48677960970,QUEUED
1786098038,afef9660d2214befa9d2a58cd3e2faf5,PROCESSING
1786098038,c926225e4d4643cf8aebc206303eb77d,QUEUED
1786098040,b089c757c79748db86252d6112ec55db,QUEUED
1786098040,38f04884b626454fb43af48677960970,QUEUED
1786098040,afef9660d2214befa9d2a58cd3e2faf5,PROCESSING
1786098040,c926225e4d4643cf8aebc206303eb77d,QUEUED
1786098042,b089c757c79748db86252d6112ec55db,QUEUED
1786098042,38f04884b626454fb43af48677960970,QUEUED
1786098042,afef9660d2214befa9d2a58cd3e2faf5,PROCESSING
1786098042,c926225e4d4643cf8aebc206303eb77d,QUEUED
1786098045,b089c757c79748db86252d6112ec55db,QUEUED
1786098045,38f04884b626454fb43af48677960970,QUEUED
1786098045,afef9660d2214befa9d2a58cd3e2faf5,PROCESSING
1786098045,c926225e4d4643cf8aebc206303eb77d,QUEUED
1786098047,b089c757c79748db86252d6112ec55db,QUEUED
1786098047,38f04884b626454fb43af48677960970,QUEUED
1786098047,afef9660d2214befa9d2a58cd3e2faf5,PROCESSING
1786098047,c926225e4d4643cf8aebc206303eb77d,QUEUED
1786098049,b089c757c79748db86252d6112ec55db,QUEUED
1786098049,38f04884b626454fb43af48677960970,QUEUED
1786098049,afef9660d2214befa9d2a58cd3e2faf5,PROCESSING
1786098049,c926225e4d4643cf8aebc206303eb77d,QUEUED
1786098052,b089c757c79748db86252d6112ec55db,QUEUED
1786098052,38f04884b626454fb43af48677960970,QUEUED
1786098052,afef9660d2214befa9d2a58cd3e2faf5,PROCESSING
1786098052,c926225e4d4643cf8aebc206303eb77d,QUEUED
1786098054,b089c757c79748db86252d6112ec55db,QUEUED
1786098054,38f04884b626454fb43af48677960970,QUEUED
1786098054,afef9660d2214befa9d2a58cd3e2faf5,PROCESSING
1786098054,c926225e4d4643cf8aebc206303eb77d,QUEUED
1786098056,b089c757c79748db86252d6112ec55db,QUEUED
1786098056,38f04884b626454fb43af48677960970,QUEUED
1786098056,afef9660d2214befa9d2a58cd3e2faf5,PROCESSING
1786098056,c926225e4d4643cf8aebc206303eb77d,QUEUED
1786098058,b089c757c79748db86252d6112ec55db,QUEUED
1786098058,38f04884b626454fb43af48677960970,QUEUED
1786098058,afef9660d2214befa9d2a58cd3e2faf5,PROCESSING
1786098058,c926225e4d4643cf8aebc206303eb77d,QUEUED
1786098061,b089c757c79748db86252d6112ec55db,QUEUED
1786098061,38f04884b626454fb43af48677960970,QUEUED
1786098061,afef9660d2214befa9d2a58cd3e2faf5,PROCESSING
1786098061,c926225e4d4643cf8aebc206303eb77d,QUEUED
1786098063,b089c757c79748db86252d6112ec55db,QUEUED
1786098063,38f04884b626454fb43af48677960970,QUEUED
1786098063,afef9660d2214befa9d2a58cd3e2faf5,PROCESSING
1786098063,c926225e4d4643cf8aebc206303eb77d,QUEUED
1786098065,b089c757c79748db86252d6112ec55db,QUEUED
1786098065,38f04884b626454fb43af48677960970,QUEUED
1786098065,afef9660d2214befa9d2a58cd3e2faf5,PROCESSING
1786098065,c926225e4d4643cf8aebc206303eb77d,QUEUED
1786098068,b089c757c79748db86252d6112ec55db,QUEUED
1786098068,38f04884b626454fb43af48677960970,QUEUED
1786098068,afef9660d2214befa9d2a58cd3e2faf5,PROCESSING
1786098068,c926225e4d4643cf8aebc206303eb77d,QUEUED
1786098070,b089c757c79748db86252d6112ec55db,QUEUED
1786098070,38f04884b626454fb43af48677960970,QUEUED
1786098070,afef9660d2214befa9d2a58cd3e2faf5,PROCESSING
1786098070,c926225e4d4643cf8aebc206303eb77d,QUEUED
1786098072,b089c757c79748db86252d6112ec55db,QUEUED
1786098072,38f04884b626454fb43af48677960970,QUEUED
1786098072,afef9660d2214befa9d2a58cd3e2faf5,PROCESSING
1786098072,c926225e4d4643cf8aebc206303eb77d,QUEUED
1786098074,b089c757c79748db86252d6112ec55db,QUEUED
1786098074,38f04884b626454fb43af48677960970,QUEUED
1786098074,afef9660d2214befa9d2a58cd3e2faf5,PROCESSING
1786098074,c926225e4d4643cf8aebc206303eb77d,QUEUED
1786098077,b089c757c79748db86252d6112ec55db,QUEUED
1786098077,38f04884b626454fb43af48677960970,QUEUED
1786098077,afef9660d2214befa9d2a58cd3e2faf5,PROCESSING
1786098077,c926225e4d4643cf8aebc206303eb77d,QUEUED
1786098079,b089c757c79748db86252d6112ec55db,QUEUED
1786098079,38f04884b626454fb43af48677960970,QUEUED
1786098079,afef9660d2214befa9d2a58cd3e2faf5,PROCESSING
1786098079,c926225e4d4643cf8aebc206303eb77d,QUEUED
1786098081,b089c757c79748db86252d6112ec55db,QUEUED
1786098081,38f04884b626454fb43af48677960970,QUEUED
1786098081,afef9660d2214befa9d2a58cd3e2faf5,PROCESSING
1786098081,c926225e4d4643cf8aebc206303eb77d,QUEUED
1786098084,b089c757c79748db86252d6112ec55db,QUEUED
1786098084,38f04884b626454fb43af48677960970,QUEUED
1786098084,afef9660d2214befa9d2a58cd3e2faf5,PROCESSING
1786098084,c926225e4d4643cf8aebc206303eb77d,QUEUED
1786098086,b089c757c79748db86252d6112ec55db,QUEUED
1786098086,38f04884b626454fb43af48677960970,QUEUED
1786098086,afef9660d2214befa9d2a58cd3e2faf5,PROCESSING
1786098086,c926225e4d4643cf8aebc206303eb77d,QUEUED
1786098088,b089c757c79748db86252d6112ec55db,QUEUED
1786098088,38f04884b626454fb43af48677960970,QUEUED
1786098088,afef9660d2214befa9d2a58cd3e2faf5,PROCESSING
1786098088,c926225e4d4643cf8aebc206303eb77d,QUEUED
1786098090,b089c757c79748db86252d6112ec55db,QUEUED
1786098090,38f04884b626454fb43af48677960970,QUEUED
1786098090,afef9660d2214befa9d2a58cd3e2faf5,PROCESSING
1786098090,c926225e4d4643cf8aebc206303eb77d,QUEUED
1786098093,b089c757c79748db86252d6112ec55db,QUEUED
1786098093,38f04884b626454fb43af48677960970,QUEUED
1786098093,afef9660d2214befa9d2a58cd3e2faf5,PROCESSING
1786098093,c926225e4d4643cf8aebc206303eb77d,QUEUED
1786098095,b089c757c79748db86252d6112ec55db,QUEUED
1786098095,38f04884b626454fb43af48677960970,QUEUED
1786098095,afef9660d2214befa9d2a58cd3e2faf5,PROCESSING
1786098095,c926225e4d4643cf8aebc206303eb77d,QUEUED
1786098097,b089c757c79748db86252d6112ec55db,QUEUED
1786098097,38f04884b626454fb43af48677960970,QUEUED
1786098097,afef9660d2214befa9d2a58cd3e2faf5,PROCESSING
1786098097,c926225e4d4643cf8aebc206303eb77d,QUEUED
1786098099,b089c757c79748db86252d6112ec55db,QUEUED
1786098099,38f04884b626454fb43af48677960970,QUEUED
1786098099,afef9660d2214befa9d2a58cd3e2faf5,PROCESSING
1786098099,c926225e4d4643cf8aebc206303eb77d,QUEUED
1786098102,b089c757c79748db86252d6112ec55db,QUEUED
1786098102,38f04884b626454fb43af48677960970,QUEUED
1786098102,afef9660d2214befa9d2a58cd3e2faf5,PROCESSING
1786098102,c926225e4d4643cf8aebc206303eb77d,QUEUED
1786098104,b089c757c79748db86252d6112ec55db,QUEUED
1786098104,38f04884b626454fb43af48677960970,QUEUED
1786098104,afef9660d2214befa9d2a58cd3e2faf5,PROCESSING
1786098104,c926225e4d4643cf8aebc206303eb77d,QUEUED
1786098106,b089c757c79748db86252d6112ec55db,QUEUED
1786098106,38f04884b626454fb43af48677960970,QUEUED
1786098106,afef9660d2214befa9d2a58cd3e2faf5,PROCESSING
1786098106,c926225e4d4643cf8aebc206303eb77d,QUEUED
1786098109,b089c757c79748db86252d6112ec55db,QUEUED
1786098109,38f04884b626454fb43af48677960970,QUEUED
1786098109,afef9660d2214befa9d2a58cd3e2faf5,PROCESSING
1786098109,c926225e4d4643cf8aebc206303eb77d,QUEUED
1786098111,b089c757c79748db86252d6112ec55db,QUEUED
1786098111,38f04884b626454fb43af48677960970,QUEUED
1786098111,afef9660d2214befa9d2a58cd3e2faf5,PROCESSING
1786098111,c926225e4d4643cf8aebc206303eb77d,QUEUED
1786098113,b089c757c79748db86252d6112ec55db,QUEUED
1786098113,38f04884b626454fb43af48677960970,QUEUED
1786098113,afef9660d2214befa9d2a58cd3e2faf5,PROCESSING
1786098113,c926225e4d4643cf8aebc206303eb77d,QUEUED
1786098115,b089c757c79748db86252d6112ec55db,QUEUED
1786098115,38f04884b626454fb43af48677960970,QUEUED
1786098115,afef9660d2214befa9d2a58cd3e2faf5,PROCESSING
1786098115,c926225e4d4643cf8aebc206303eb77d,QUEUED
1786098118,b089c757c79748db86252d6112ec55db,QUEUED
1786098118,38f04884b626454fb43af48677960970,QUEUED
1786098118,afef9660d2214befa9d2a58cd3e2faf5,PROCESSING
1786098118,c926225e4d4643cf8aebc206303eb77d,QUEUED
1786098120,b089c757c79748db86252d6112ec55db,QUEUED
1786098120,38f04884b626454fb43af48677960970,QUEUED
1786098120,afef9660d2214befa9d2a58cd3e2faf5,PROCESSING
1786098120,c926225e4d4643cf8aebc206303eb77d,QUEUED
1786098122,b089c757c79748db86252d6112ec55db,QUEUED
1786098122,38f04884b626454fb43af48677960970,QUEUED
1786098122,afef9660d2214befa9d2a58cd3e2faf5,PROCESSING
1786098122,c926225e4d4643cf8aebc206303eb77d,QUEUED
1786098125,b089c757c79748db86252d6112ec55db,QUEUED
1786098125,38f04884b626454fb43af48677960970,QUEUED
1786098125,afef9660d2214befa9d2a58cd3e2faf5,PROCESSING
1786098125,c926225e4d4643cf8aebc206303eb77d,QUEUED
1786098127,b089c757c79748db86252d6112ec55db,QUEUED
1786098127,38f04884b626454fb43af48677960970,QUEUED
1786098127,afef9660d2214befa9d2a58cd3e2faf5,PROCESSING
1786098127,c926225e4d4643cf8aebc206303eb77d,QUEUED
1786098129,b089c757c79748db86252d6112ec55db,QUEUED
1786098129,38f04884b626454fb43af48677960970,QUEUED
1786098129,afef9660d2214befa9d2a58cd3e2faf5,PROCESSING
1786098129,c926225e4d4643cf8aebc206303eb77d,QUEUED
1786098132,b089c757c79748db86252d6112ec55db,QUEUED
1786098132,38f04884b626454fb43af48677960970,QUEUED
1786098132,afef9660d2214befa9d2a58cd3e2faf5,PROCESSING
1786098132,c926225e4d4643cf8aebc206303eb77d,QUEUED
1786098134,b089c757c79748db86252d6112ec55db,QUEUED
1786098134,38f04884b626454fb43af48677960970,QUEUED
1786098134,afef9660d2214befa9d2a58cd3e2faf5,PROCESSING
1786098134,c926225e4d4643cf8aebc206303eb77d,QUEUED
1786098136,b089c757c79748db86252d6112ec55db,QUEUED
1786098136,38f04884b626454fb43af48677960970,QUEUED
1786098136,afef9660d2214befa9d2a58cd3e2faf5,PROCESSING
1786098136,c926225e4d4643cf8aebc206303eb77d,QUEUED
1786098138,b089c757c79748db86252d6112ec55db,QUEUED
1786098138,38f04884b626454fb43af48677960970,QUEUED
1786098138,afef9660d2214befa9d2a58cd3e2faf5,PROCESSING
1786098138,c926225e4d4643cf8aebc206303eb77d,QUEUED
1786098141,b089c757c79748db86252d6112ec55db,QUEUED
1786098141,38f04884b626454fb43af48677960970,QUEUED
1786098141,afef9660d2214befa9d2a58cd3e2faf5,PROCESSING
1786098141,c926225e4d4643cf8aebc206303eb77d,QUEUED
1786098143,b089c757c79748db86252d6112ec55db,QUEUED
1786098143,38f04884b626454fb43af48677960970,QUEUED
1786098143,afef9660d2214befa9d2a58cd3e2faf5,PROCESSING
1786098143,c926225e4d4643cf8aebc206303eb77d,QUEUED
1786098145,b089c757c79748db86252d6112ec55db,QUEUED
1786098145,38f04884b626454fb43af48677960970,QUEUED
1786098145,afef9660d2214befa9d2a58cd3e2faf5,PROCESSING
1786098145,c926225e4d4643cf8aebc206303eb77d,QUEUED
1786098147,b089c757c79748db86252d6112ec55db,QUEUED
1786098147,38f04884b626454fb43af48677960970,QUEUED
1786098147,afef9660d2214befa9d2a58cd3e2faf5,PROCESSING
1786098147,c926225e4d4643cf8aebc206303eb77d,QUEUED
1786098150,b089c757c79748db86252d6112ec55db,QUEUED
1786098150,38f04884b626454fb43af48677960970,QUEUED
1786098150,afef9660d2214befa9d2a58cd3e2faf5,PROCESSING
1786098150,c926225e4d4643cf8aebc206303eb77d,QUEUED
1786098152,b089c757c79748db86252d6112ec55db,QUEUED
1786098152,38f04884b626454fb43af48677960970,QUEUED
1786098152,afef9660d2214befa9d2a58cd3e2faf5,PROCESSING
1786098152,c926225e4d4643cf8aebc206303eb77d,QUEUED
1786098154,b089c757c79748db86252d6112ec55db,QUEUED
1786098154,38f04884b626454fb43af48677960970,QUEUED
1786098154,afef9660d2214befa9d2a58cd3e2faf5,PROCESSING
1786098154,c926225e4d4643cf8aebc206303eb77d,QUEUED
1786098157,b089c757c79748db86252d6112ec55db,QUEUED
1786098157,38f04884b626454fb43af48677960970,QUEUED
1786098157,afef9660d2214befa9d2a58cd3e2faf5,PROCESSING
1786098157,c926225e4d4643cf8aebc206303eb77d,QUEUED
1786098159,b089c757c79748db86252d6112ec55db,QUEUED
1786098159,38f04884b626454fb43af48677960970,QUEUED
1786098159,afef9660d2214befa9d2a58cd3e2faf5,PROCESSING
1786098159,c926225e4d4643cf8aebc206303eb77d,QUEUED
1786098161,b089c757c79748db86252d6112ec55db,QUEUED
1786098161,38f04884b626454fb43af48677960970,QUEUED
1786098161,afef9660d2214befa9d2a58cd3e2faf5,PROCESSING
1786098161,c926225e4d4643cf8aebc206303eb77d,QUEUED
1786098163,b089c757c79748db86252d6112ec55db,QUEUED
1786098163,38f04884b626454fb43af48677960970,QUEUED
1786098163,afef9660d2214befa9d2a58cd3e2faf5,PROCESSING
1786098163,c926225e4d4643cf8aebc206303eb77d,QUEUED
1786098166,b089c757c79748db86252d6112ec55db,QUEUED
1786098166,38f04884b626454fb43af48677960970,QUEUED
1786098166,afef9660d2214befa9d2a58cd3e2faf5,PROCESSING
1786098166,c926225e4d4643cf8aebc206303eb77d,QUEUED
1786098168,b089c757c79748db86252d6112ec55db,QUEUED
1786098168,38f04884b626454fb43af48677960970,QUEUED
1786098168,afef9660d2214befa9d2a58cd3e2faf5,PROCESSING
1786098168,c926225e4d4643cf8aebc206303eb77d,QUEUED
1786098170,b089c757c79748db86252d6112ec55db,QUEUED
1786098170,38f04884b626454fb43af48677960970,QUEUED
1786098170,afef9660d2214befa9d2a58cd3e2faf5,PROCESSING
1786098170,c926225e4d4643cf8aebc206303eb77d,QUEUED
1786098173,b089c757c79748db86252d6112ec55db,QUEUED
1786098173,38f04884b626454fb43af48677960970,QUEUED
1786098173,afef9660d2214befa9d2a58cd3e2faf5,PROCESSING
1786098173,c926225e4d4643cf8aebc206303eb77d,QUEUED
1786098175,b089c757c79748db86252d6112ec55db,QUEUED
1786098175,38f04884b626454fb43af48677960970,QUEUED
1786098175,afef9660d2214befa9d2a58cd3e2faf5,PROCESSING
1786098175,c926225e4d4643cf8aebc206303eb77d,QUEUED
1786098177,b089c757c79748db86252d6112ec55db,QUEUED
1786098177,38f04884b626454fb43af48677960970,QUEUED
1786098177,afef9660d2214befa9d2a58cd3e2faf5,PROCESSING
1786098177,c926225e4d4643cf8aebc206303eb77d,QUEUED
1786098179,b089c757c79748db86252d6112ec55db,QUEUED
1786098179,38f04884b626454fb43af48677960970,QUEUED
1786098179,afef9660d2214befa9d2a58cd3e2faf5,PROCESSING
1786098179,c926225e4d4643cf8aebc206303eb77d,QUEUED
1786098182,b089c757c79748db86252d6112ec55db,QUEUED
1786098182,38f04884b626454fb43af48677960970,QUEUED
1786098182,afef9660d2214befa9d2a58cd3e2faf5,PROCESSING
1786098182,c926225e4d4643cf8aebc206303eb77d,QUEUED
1786098184,b089c757c79748db86252d6112ec55db,QUEUED
1786098184,38f04884b626454fb43af48677960970,QUEUED
1786098184,afef9660d2214befa9d2a58cd3e2faf5,PROCESSING
1786098184,c926225e4d4643cf8aebc206303eb77d,QUEUED
1786098187,b089c757c79748db86252d6112ec55db,QUEUED
1786098187,38f04884b626454fb43af48677960970,QUEUED
1786098187,afef9660d2214befa9d2a58cd3e2faf5,PROCESSING
1786098187,c926225e4d4643cf8aebc206303eb77d,QUEUED
1786098189,b089c757c79748db86252d6112ec55db,QUEUED
1786098189,38f04884b626454fb43af48677960970,QUEUED
1786098189,afef9660d2214befa9d2a58cd3e2faf5,PROCESSING
1786098189,c926225e4d4643cf8aebc206303eb77d,QUEUED
1786098191,b089c757c79748db86252d6112ec55db,QUEUED
1786098191,38f04884b626454fb43af48677960970,QUEUED
1786098191,afef9660d2214befa9d2a58cd3e2faf5,PROCESSING
1786098191,c926225e4d4643cf8aebc206303eb77d,QUEUED
1786098194,b089c757c79748db86252d6112ec55db,QUEUED
1786098194,38f04884b626454fb43af48677960970,QUEUED
1786098194,afef9660d2214befa9d2a58cd3e2faf5,PROCESSING
1786098194,c926225e4d4643cf8aebc206303eb77d,QUEUED
1786098196,b089c757c79748db86252d6112ec55db,QUEUED
1786098196,38f04884b626454fb43af48677960970,QUEUED
1786098196,afef9660d2214befa9d2a58cd3e2faf5,PROCESSING
1786098196,c926225e4d4643cf8aebc206303eb77d,QUEUED
1786098199,b089c757c79748db86252d6112ec55db,QUEUED
1786098199,38f04884b626454fb43af48677960970,QUEUED
1786098199,afef9660d2214befa9d2a58cd3e2faf5,PROCESSING
1786098199,c926225e4d4643cf8aebc206303eb77d,QUEUED
1786098201,b089c757c79748db86252d6112ec55db,QUEUED
1786098201,38f04884b626454fb43af48677960970,QUEUED
1786098201,afef9660d2214befa9d2a58cd3e2faf5,PROCESSING
1786098201,c926225e4d4643cf8aebc206303eb77d,QUEUED
1786098203,b089c757c79748db86252d6112ec55db,QUEUED
1786098203,38f04884b626454fb43af48677960970,QUEUED
1786098203,afef9660d2214befa9d2a58cd3e2faf5,PROCESSING
1786098203,c926225e4d4643cf8aebc206303eb77d,QUEUED
1786098206,b089c757c79748db86252d6112ec55db,QUEUED
1786098206,38f04884b626454fb43af48677960970,QUEUED
1786098206,afef9660d2214befa9d2a58cd3e2faf5,PROCESSING
1786098206,c926225e4d4643cf8aebc206303eb77d,QUEUED
1786098208,b089c757c79748db86252d6112ec55db,QUEUED
1786098208,38f04884b626454fb43af48677960970,QUEUED
1786098208,afef9660d2214befa9d2a58cd3e2faf5,PROCESSING
1786098208,c926225e4d4643cf8aebc206303eb77d,QUEUED
1786098211,b089c757c79748db86252d6112ec55db,QUEUED
1786098211,38f04884b626454fb43af48677960970,QUEUED
1786098211,afef9660d2214befa9d2a58cd3e2faf5,PROCESSING
1786098211,c926225e4d4643cf8aebc206303eb77d,QUEUED
1786098213,b089c757c79748db86252d6112ec55db,QUEUED
1786098213,38f04884b626454fb43af48677960970,QUEUED
1786098213,afef9660d2214befa9d2a58cd3e2faf5,DONE
1786098213,c926225e4d4643cf8aebc206303eb77d,PROCESSING
1786098215,b089c757c79748db86252d6112ec55db,QUEUED
1786098215,38f04884b626454fb43af48677960970,QUEUED
1786098215,c926225e4d4643cf8aebc206303eb77d,PROCESSING
1786098218,b089c757c79748db86252d6112ec55db,QUEUED
1786098218,38f04884b626454fb43af48677960970,QUEUED
1786098218,c926225e4d4643cf8aebc206303eb77d,PROCESSING
1786098220,b089c757c79748db86252d6112ec55db,QUEUED
1786098220,38f04884b626454fb43af48677960970,QUEUED
1786098220,c926225e4d4643cf8aebc206303eb77d,PROCESSING
1786098222,b089c757c79748db86252d6112ec55db,QUEUED
1786098222,38f04884b626454fb43af48677960970,QUEUED
1786098222,c926225e4d4643cf8aebc206303eb77d,PROCESSING
1786098225,b089c757c79748db86252d6112ec55db,QUEUED
1786098225,38f04884b626454fb43af48677960970,QUEUED
1786098225,c926225e4d4643cf8aebc206303eb77d,PROCESSING
1786098227,b089c757c79748db86252d6112ec55db,QUEUED
1786098227,38f04884b626454fb43af48677960970,QUEUED
1786098227,c926225e4d4643cf8aebc206303eb77d,PROCESSING
1786098229,b089c757c79748db86252d6112ec55db,QUEUED
1786098229,38f04884b626454fb43af48677960970,QUEUED
1786098229,c926225e4d4643cf8aebc206303eb77d,PROCESSING
1786098232,b089c757c79748db86252d6112ec55db,QUEUED
1786098232,38f04884b626454fb43af48677960970,QUEUED
1786098232,c926225e4d4643cf8aebc206303eb77d,PROCESSING
1786098234,b089c757c79748db86252d6112ec55db,QUEUED
1786098234,38f04884b626454fb43af48677960970,QUEUED
1786098234,c926225e4d4643cf8aebc206303eb77d,PROCESSING
1786098237,b089c757c79748db86252d6112ec55db,QUEUED
1786098237,38f04884b626454fb43af48677960970,QUEUED
1786098237,c926225e4d4643cf8aebc206303eb77d,PROCESSING
1786098239,b089c757c79748db86252d6112ec55db,QUEUED
1786098239,38f04884b626454fb43af48677960970,QUEUED
1786098239,c926225e4d4643cf8aebc206303eb77d,PROCESSING
1786098241,b089c757c79748db86252d6112ec55db,QUEUED
1786098241,38f04884b626454fb43af48677960970,QUEUED
1786098241,c926225e4d4643cf8aebc206303eb77d,PROCESSING
1786098244,b089c757c79748db86252d6112ec55db,QUEUED
1786098244,38f04884b626454fb43af48677960970,QUEUED
1786098244,c926225e4d4643cf8aebc206303eb77d,PROCESSING
1786098246,b089c757c79748db86252d6112ec55db,QUEUED
1786098246,38f04884b626454fb43af48677960970,QUEUED
1786098246,c926225e4d4643cf8aebc206303eb77d,PROCESSING
1786098249,b089c757c79748db86252d6112ec55db,QUEUED
1786098249,38f04884b626454fb43af48677960970,QUEUED
1786098249,c926225e4d4643cf8aebc206303eb77d,PROCESSING
1786098251,b089c757c79748db86252d6112ec55db,QUEUED
1786098251,38f04884b626454fb43af48677960970,QUEUED
1786098251,c926225e4d4643cf8aebc206303eb77d,PROCESSING
1786098253,b089c757c79748db86252d6112ec55db,QUEUED
1786098253,38f04884b626454fb43af48677960970,QUEUED
1786098253,c926225e4d4643cf8aebc206303eb77d,PROCESSING
1786098255,b089c757c79748db86252d6112ec55db,QUEUED
1786098255,38f04884b626454fb43af48677960970,QUEUED
1786098255,c926225e4d4643cf8aebc206303eb77d,PROCESSING
1786098257,b089c757c79748db86252d6112ec55db,QUEUED
1786098257,38f04884b626454fb43af48677960970,QUEUED
1786098257,c926225e4d4643cf8aebc206303eb77d,PROCESSING
1786098260,b089c757c79748db86252d6112ec55db,QUEUED
1786098260,38f04884b626454fb43af48677960970,QUEUED
1786098260,c926225e4d4643cf8aebc206303eb77d,PROCESSING
1786098262,b089c757c79748db86252d6112ec55db,QUEUED
1786098262,38f04884b626454fb43af48677960970,QUEUED
1786098262,c926225e4d4643cf8aebc206303eb77d,PROCESSING
1786098264,b089c757c79748db86252d6112ec55db,QUEUED
1786098264,38f04884b626454fb43af48677960970,QUEUED
1786098264,c926225e4d4643cf8aebc206303eb77d,PROCESSING
1786098266,b089c757c79748db86252d6112ec55db,QUEUED
1786098266,38f04884b626454fb43af48677960970,QUEUED
1786098266,c926225e4d4643cf8aebc206303eb77d,PROCESSING
1786098269,b089c757c79748db86252d6112ec55db,QUEUED
1786098269,38f04884b626454fb43af48677960970,QUEUED
1786098269,c926225e4d4643cf8aebc206303eb77d,PROCESSING
1786098271,b089c757c79748db86252d6112ec55db,QUEUED
1786098271,38f04884b626454fb43af48677960970,QUEUED
1786098271,c926225e4d4643cf8aebc206303eb77d,PROCESSING
1786098273,b089c757c79748db86252d6112ec55db,QUEUED
1786098273,38f04884b626454fb43af48677960970,QUEUED
1786098273,c926225e4d4643cf8aebc206303eb77d,PROCESSING
1786098275,b089c757c79748db86252d6112ec55db,QUEUED
1786098275,38f04884b626454fb43af48677960970,QUEUED
1786098275,c926225e4d4643cf8aebc206303eb77d,PROCESSING
1786098277,b089c757c79748db86252d6112ec55db,QUEUED
1786098277,38f04884b626454fb43af48677960970,QUEUED
1786098277,c926225e4d4643cf8aebc206303eb77d,PROCESSING
1786098280,b089c757c79748db86252d6112ec55db,QUEUED
1786098280,38f04884b626454fb43af48677960970,QUEUED
1786098280,c926225e4d4643cf8aebc206303eb77d,PROCESSING
1786098282,b089c757c79748db86252d6112ec55db,QUEUED
1786098282,38f04884b626454fb43af48677960970,QUEUED
1786098282,c926225e4d4643cf8aebc206303eb77d,PROCESSING
1786098284,b089c757c79748db86252d6112ec55db,QUEUED
1786098284,38f04884b626454fb43af48677960970,QUEUED
1786098284,c926225e4d4643cf8aebc206303eb77d,PROCESSING
1786098286,b089c757c79748db86252d6112ec55db,QUEUED
1786098286,38f04884b626454fb43af48677960970,QUEUED
1786098286,c926225e4d4643cf8aebc206303eb77d,PROCESSING
1786098288,b089c757c79748db86252d6112ec55db,QUEUED
1786098288,38f04884b626454fb43af48677960970,QUEUED
1786098288,c926225e4d4643cf8aebc206303eb77d,PROCESSING
1786098291,b089c757c79748db86252d6112ec55db,QUEUED
1786098291,38f04884b626454fb43af48677960970,QUEUED
1786098291,c926225e4d4643cf8aebc206303eb77d,PROCESSING
1786098293,b089c757c79748db86252d6112ec55db,QUEUED
1786098293,38f04884b626454fb43af48677960970,QUEUED
1786098293,c926225e4d4643cf8aebc206303eb77d,PROCESSING
1786098295,b089c757c79748db86252d6112ec55db,QUEUED
1786098295,38f04884b626454fb43af48677960970,QUEUED
1786098295,c926225e4d4643cf8aebc206303eb77d,PROCESSING
1786098297,b089c757c79748db86252d6112ec55db,QUEUED
1786098297,38f04884b626454fb43af48677960970,QUEUED
1786098297,c926225e4d4643cf8aebc206303eb77d,PROCESSING
1786098300,b089c757c79748db86252d6112ec55db,QUEUED
1786098300,38f04884b626454fb43af48677960970,QUEUED
1786098300,c926225e4d4643cf8aebc206303eb77d,PROCESSING
1786098302,b089c757c79748db86252d6112ec55db,QUEUED
1786098302,38f04884b626454fb43af48677960970,QUEUED
1786098302,c926225e4d4643cf8aebc206303eb77d,PROCESSING
1786098304,b089c757c79748db86252d6112ec55db,QUEUED
1786098304,38f04884b626454fb43af48677960970,QUEUED
1786098304,c926225e4d4643cf8aebc206303eb77d,PROCESSING
1786098306,b089c757c79748db86252d6112ec55db,QUEUED
1786098306,38f04884b626454fb43af48677960970,QUEUED
1786098306,c926225e4d4643cf8aebc206303eb77d,PROCESSING
1786098308,b089c757c79748db86252d6112ec55db,QUEUED
1786098308,38f04884b626454fb43af48677960970,QUEUED
1786098308,c926225e4d4643cf8aebc206303eb77d,PROCESSING
1786098311,b089c757c79748db86252d6112ec55db,QUEUED
1786098311,38f04884b626454fb43af48677960970,QUEUED
1786098311,c926225e4d4643cf8aebc206303eb77d,PROCESSING
1786098313,b089c757c79748db86252d6112ec55db,QUEUED
1786098313,38f04884b626454fb43af48677960970,QUEUED
1786098313,c926225e4d4643cf8aebc206303eb77d,PROCESSING
1786098315,b089c757c79748db86252d6112ec55db,QUEUED
1786098315,38f04884b626454fb43af48677960970,QUEUED
1786098315,c926225e4d4643cf8aebc206303eb77d,PROCESSING
1786098317,b089c757c79748db86252d6112ec55db,QUEUED
1786098317,38f04884b626454fb43af48677960970,QUEUED
1786098317,c926225e4d4643cf8aebc206303eb77d,PROCESSING
1786098319,b089c757c79748db86252d6112ec55db,QUEUED
1786098319,38f04884b626454fb43af48677960970,QUEUED
1786098319,c926225e4d4643cf8aebc206303eb77d,PROCESSING
1786098322,b089c757c79748db86252d6112ec55db,QUEUED
1786098322,38f04884b626454fb43af48677960970,QUEUED
1786098322,c926225e4d4643cf8aebc206303eb77d,PROCESSING
1786098324,b089c757c79748db86252d6112ec55db,QUEUED
1786098324,38f04884b626454fb43af48677960970,QUEUED
1786098324,c926225e4d4643cf8aebc206303eb77d,PROCESSING
1786098326,b089c757c79748db86252d6112ec55db,QUEUED
1786098326,38f04884b626454fb43af48677960970,QUEUED
1786098326,c926225e4d4643cf8aebc206303eb77d,PROCESSING
1786098328,b089c757c79748db86252d6112ec55db,QUEUED
1786098328,38f04884b626454fb43af48677960970,QUEUED
1786098328,c926225e4d4643cf8aebc206303eb77d,PROCESSING
1786098330,b089c757c79748db86252d6112ec55db,QUEUED
1786098330,38f04884b626454fb43af48677960970,QUEUED
1786098330,c926225e4d4643cf8aebc206303eb77d,PROCESSING
1786098333,b089c757c79748db86252d6112ec55db,QUEUED
1786098333,38f04884b626454fb43af48677960970,QUEUED
1786098333,c926225e4d4643cf8aebc206303eb77d,PROCESSING
1786098335,b089c757c79748db86252d6112ec55db,QUEUED
1786098335,38f04884b626454fb43af48677960970,QUEUED
1786098335,c926225e4d4643cf8aebc206303eb77d,PROCESSING
1786098337,b089c757c79748db86252d6112ec55db,QUEUED
1786098337,38f04884b626454fb43af48677960970,QUEUED
1786098337,c926225e4d4643cf8aebc206303eb77d,PROCESSING
1786098339,b089c757c79748db86252d6112ec55db,QUEUED
1786098339,38f04884b626454fb43af48677960970,QUEUED
1786098339,c926225e4d4643cf8aebc206303eb77d,PROCESSING
1786098342,b089c757c79748db86252d6112ec55db,QUEUED
1786098342,38f04884b626454fb43af48677960970,QUEUED
1786098342,c926225e4d4643cf8aebc206303eb77d,PROCESSING
1786098344,b089c757c79748db86252d6112ec55db,QUEUED
1786098344,38f04884b626454fb43af48677960970,QUEUED
1786098344,c926225e4d4643cf8aebc206303eb77d,PROCESSING
1786098346,b089c757c79748db86252d6112ec55db,QUEUED
1786098346,38f04884b626454fb43af48677960970,QUEUED
1786098346,c926225e4d4643cf8aebc206303eb77d,PROCESSING
1786098348,b089c757c79748db86252d6112ec55db,QUEUED
1786098348,38f04884b626454fb43af48677960970,QUEUED
1786098348,c926225e4d4643cf8aebc206303eb77d,PROCESSING
1786098350,b089c757c79748db86252d6112ec55db,QUEUED
1786098350,38f04884b626454fb43af48677960970,QUEUED
1786098350,c926225e4d4643cf8aebc206303eb77d,PROCESSING
1786098353,b089c757c79748db86252d6112ec55db,QUEUED
1786098353,38f04884b626454fb43af48677960970,QUEUED
1786098353,c926225e4d4643cf8aebc206303eb77d,PROCESSING
1786098355,b089c757c79748db86252d6112ec55db,QUEUED
1786098355,38f04884b626454fb43af48677960970,QUEUED
1786098355,c926225e4d4643cf8aebc206303eb77d,PROCESSING
1786098357,b089c757c79748db86252d6112ec55db,QUEUED
1786098357,38f04884b626454fb43af48677960970,QUEUED
1786098357,c926225e4d4643cf8aebc206303eb77d,PROCESSING
1786098359,b089c757c79748db86252d6112ec55db,QUEUED
1786098359,38f04884b626454fb43af48677960970,QUEUED
1786098359,c926225e4d4643cf8aebc206303eb77d,PROCESSING
1786098361,b089c757c79748db86252d6112ec55db,QUEUED
1786098361,38f04884b626454fb43af48677960970,QUEUED
1786098361,c926225e4d4643cf8aebc206303eb77d,PROCESSING
1786098364,b089c757c79748db86252d6112ec55db,QUEUED
1786098364,38f04884b626454fb43af48677960970,QUEUED
1786098364,c926225e4d4643cf8aebc206303eb77d,PROCESSING
1786098366,b089c757c79748db86252d6112ec55db,QUEUED
1786098366,38f04884b626454fb43af48677960970,QUEUED
1786098366,c926225e4d4643cf8aebc206303eb77d,PROCESSING
1786098368,b089c757c79748db86252d6112ec55db,QUEUED
1786098368,38f04884b626454fb43af48677960970,QUEUED
1786098368,c926225e4d4643cf8aebc206303eb77d,PROCESSING
1786098370,b089c757c79748db86252d6112ec55db,QUEUED
1786098370,38f04884b626454fb43af48677960970,QUEUED
1786098370,c926225e4d4643cf8aebc206303eb77d,PROCESSING
1786098373,b089c757c79748db86252d6112ec55db,QUEUED
1786098373,38f04884b626454fb43af48677960970,QUEUED
1786098373,c926225e4d4643cf8aebc206303eb77d,PROCESSING
1786098375,b089c757c79748db86252d6112ec55db,QUEUED
1786098375,38f04884b626454fb43af48677960970,QUEUED
1786098375,c926225e4d4643cf8aebc206303eb77d,PROCESSING
1786098377,b089c757c79748db86252d6112ec55db,QUEUED
1786098377,38f04884b626454fb43af48677960970,QUEUED
1786098377,c926225e4d4643cf8aebc206303eb77d,PROCESSING
1786098379,b089c757c79748db86252d6112ec55db,QUEUED
1786098379,38f04884b626454fb43af48677960970,QUEUED
1786098379,c926225e4d4643cf8aebc206303eb77d,PROCESSING
1786098381,b089c757c79748db86252d6112ec55db,QUEUED
1786098381,38f04884b626454fb43af48677960970,QUEUED
1786098381,c926225e4d4643cf8aebc206303eb77d,PROCESSING
1786098384,b089c757c79748db86252d6112ec55db,QUEUED
1786098384,38f04884b626454fb43af48677960970,QUEUED
1786098384,c926225e4d4643cf8aebc206303eb77d,PROCESSING
1786098386,b089c757c79748db86252d6112ec55db,QUEUED
1786098386,38f04884b626454fb43af48677960970,QUEUED
1786098386,c926225e4d4643cf8aebc206303eb77d,PROCESSING
1786098388,b089c757c79748db86252d6112ec55db,QUEUED
1786098388,38f04884b626454fb43af48677960970,QUEUED
1786098388,c926225e4d4643cf8aebc206303eb77d,PROCESSING
1786098390,b089c757c79748db86252d6112ec55db,QUEUED
1786098390,38f04884b626454fb43af48677960970,QUEUED
1786098390,c926225e4d4643cf8aebc206303eb77d,PROCESSING
1786098392,b089c757c79748db86252d6112ec55db,QUEUED
1786098392,38f04884b626454fb43af48677960970,QUEUED
1786098392,c926225e4d4643cf8aebc206303eb77d,PROCESSING
1786098395,b089c757c79748db86252d6112ec55db,QUEUED
1786098395,38f04884b626454fb43af48677960970,QUEUED
1786098395,c926225e4d4643cf8aebc206303eb77d,PROCESSING
1786098397,b089c757c79748db86252d6112ec55db,QUEUED
1786098397,38f04884b626454fb43af48677960970,QUEUED
1786098397,c926225e4d4643cf8aebc206303eb77d,PROCESSING
1786098399,b089c757c79748db86252d6112ec55db,QUEUED
1786098399,38f04884b626454fb43af48677960970,QUEUED
1786098399,c926225e4d4643cf8aebc206303eb77d,PROCESSING
1786098402,b089c757c79748db86252d6112ec55db,QUEUED
1786098402,38f04884b626454fb43af48677960970,QUEUED
1786098402,c926225e4d4643cf8aebc206303eb77d,PROCESSING
1786098404,b089c757c79748db86252d6112ec55db,QUEUED
1786098404,38f04884b626454fb43af48677960970,QUEUED
1786098404,c926225e4d4643cf8aebc206303eb77d,PROCESSING
1786098406,b089c757c79748db86252d6112ec55db,QUEUED
1786098406,38f04884b626454fb43af48677960970,QUEUED
1786098406,c926225e4d4643cf8aebc206303eb77d,PROCESSING
1786098408,b089c757c79748db86252d6112ec55db,QUEUED
1786098408,38f04884b626454fb43af48677960970,QUEUED
1786098408,c926225e4d4643cf8aebc206303eb77d,PROCESSING
1786098410,b089c757c79748db86252d6112ec55db,QUEUED
1786098410,38f04884b626454fb43af48677960970,QUEUED
1786098410,c926225e4d4643cf8aebc206303eb77d,PROCESSING
1786098413,b089c757c79748db86252d6112ec55db,QUEUED
1786098413,38f04884b626454fb43af48677960970,QUEUED
1786098413,c926225e4d4643cf8aebc206303eb77d,PROCESSING
1786098415,b089c757c79748db86252d6112ec55db,QUEUED
1786098415,38f04884b626454fb43af48677960970,QUEUED
1786098415,c926225e4d4643cf8aebc206303eb77d,PROCESSING
1786098417,b089c757c79748db86252d6112ec55db,QUEUED
1786098417,38f04884b626454fb43af48677960970,QUEUED
1786098417,c926225e4d4643cf8aebc206303eb77d,PROCESSING
1786098419,b089c757c79748db86252d6112ec55db,QUEUED
1786098419,38f04884b626454fb43af48677960970,QUEUED
1786098419,c926225e4d4643cf8aebc206303eb77d,PROCESSING
1786098421,b089c757c79748db86252d6112ec55db,QUEUED
1786098421,38f04884b626454fb43af48677960970,QUEUED
1786098421,c926225e4d4643cf8aebc206303eb77d,PROCESSING
1786098424,b089c757c79748db86252d6112ec55db,QUEUED
1786098424,38f04884b626454fb43af48677960970,QUEUED
1786098424,c926225e4d4643cf8aebc206303eb77d,PROCESSING
1786098426,b089c757c79748db86252d6112ec55db,QUEUED
1786098426,38f04884b626454fb43af48677960970,QUEUED
1786098426,c926225e4d4643cf8aebc206303eb77d,PROCESSING
1786098428,b089c757c79748db86252d6112ec55db,QUEUED
1786098428,38f04884b626454fb43af48677960970,QUEUED
1786098428,c926225e4d4643cf8aebc206303eb77d,PROCESSING
1786098431,b089c757c79748db86252d6112ec55db,QUEUED
1786098431,38f04884b626454fb43af48677960970,QUEUED
1786098431,c926225e4d4643cf8aebc206303eb77d,PROCESSING
1786098433,b089c757c79748db86252d6112ec55db,QUEUED
1786098433,38f04884b626454fb43af48677960970,QUEUED
1786098433,c926225e4d4643cf8aebc206303eb77d,PROCESSING
1786098435,b089c757c79748db86252d6112ec55db,QUEUED
1786098435,38f04884b626454fb43af48677960970,QUEUED
1786098435,c926225e4d4643cf8aebc206303eb77d,PROCESSING
1786098438,b089c757c79748db86252d6112ec55db,QUEUED
1786098438,38f04884b626454fb43af48677960970,QUEUED
1786098438,c926225e4d4643cf8aebc206303eb77d,PROCESSING
1786098440,b089c757c79748db86252d6112ec55db,QUEUED
1786098440,38f04884b626454fb43af48677960970,QUEUED
1786098440,c926225e4d4643cf8aebc206303eb77d,PROCESSING
1786098442,b089c757c79748db86252d6112ec55db,QUEUED
1786098442,38f04884b626454fb43af48677960970,QUEUED
1786098442,c926225e4d4643cf8aebc206303eb77d,PROCESSING
1786098444,b089c757c79748db86252d6112ec55db,QUEUED
1786098444,38f04884b626454fb43af48677960970,QUEUED
1786098444,c926225e4d4643cf8aebc206303eb77d,PROCESSING
1786098447,b089c757c79748db86252d6112ec55db,QUEUED
1786098447,38f04884b626454fb43af48677960970,QUEUED
1786098447,c926225e4d4643cf8aebc206303eb77d,PROCESSING
1786098449,b089c757c79748db86252d6112ec55db,QUEUED
1786098449,38f04884b626454fb43af48677960970,QUEUED
1786098449,c926225e4d4643cf8aebc206303eb77d,PROCESSING
1786098451,b089c757c79748db86252d6112ec55db,QUEUED
1786098451,38f04884b626454fb43af48677960970,QUEUED
1786098451,c926225e4d4643cf8aebc206303eb77d,PROCESSING
1786098453,b089c757c79748db86252d6112ec55db,QUEUED
1786098453,38f04884b626454fb43af48677960970,QUEUED
1786098453,c926225e4d4643cf8aebc206303eb77d,PROCESSING
1786098456,b089c757c79748db86252d6112ec55db,QUEUED
1786098456,38f04884b626454fb43af48677960970,QUEUED
1786098456,c926225e4d4643cf8aebc206303eb77d,PROCESSING
1786098458,b089c757c79748db86252d6112ec55db,QUEUED
1786098458,38f04884b626454fb43af48677960970,QUEUED
1786098458,c926225e4d4643cf8aebc206303eb77d,PROCESSING
1786098460,b089c757c79748db86252d6112ec55db,PROCESSING
1786098460,38f04884b626454fb43af48677960970,QUEUED
1786098460,c926225e4d4643cf8aebc206303eb77d,DONE
1786098463,b089c757c79748db86252d6112ec55db,PROCESSING
1786098463,38f04884b626454fb43af48677960970,QUEUED
1786098465,b089c757c79748db86252d6112ec55db,PROCESSING
1786098465,38f04884b626454fb43af48677960970,QUEUED
1786098467,b089c757c79748db86252d6112ec55db,PROCESSING
1786098467,38f04884b626454fb43af48677960970,QUEUED
1786098469,b089c757c79748db86252d6112ec55db,PROCESSING
1786098469,38f04884b626454fb43af48677960970,QUEUED
1786098471,b089c757c79748db86252d6112ec55db,PROCESSING
1786098471,38f04884b626454fb43af48677960970,QUEUED
1786098474,b089c757c79748db86252d6112ec55db,PROCESSING
1786098474,38f04884b626454fb43af48677960970,QUEUED
1786098476,b089c757c79748db86252d6112ec55db,PROCESSING
1786098476,38f04884b626454fb43af48677960970,QUEUED
1786098478,b089c757c79748db86252d6112ec55db,PROCESSING
1786098478,38f04884b626454fb43af48677960970,QUEUED
1786098480,b089c757c79748db86252d6112ec55db,PROCESSING
1786098480,38f04884b626454fb43af48677960970,QUEUED
1786098482,b089c757c79748db86252d6112ec55db,PROCESSING
1786098482,38f04884b626454fb43af48677960970,QUEUED
1786098485,b089c757c79748db86252d6112ec55db,PROCESSING
1786098485,38f04884b626454fb43af48677960970,QUEUED
1786098487,b089c757c79748db86252d6112ec55db,PROCESSING
1786098487,38f04884b626454fb43af48677960970,QUEUED
1786098489,b089c757c79748db86252d6112ec55db,PROCESSING
1786098489,38f04884b626454fb43af48677960970,QUEUED
1786098491,b089c757c79748db86252d6112ec55db,PROCESSING
1786098491,38f04884b626454fb43af48677960970,QUEUED
1786098493,b089c757c79748db86252d6112ec55db,PROCESSING
1786098493,38f04884b626454fb43af48677960970,QUEUED
1786098495,b089c757c79748db86252d6112ec55db,PROCESSING
1786098495,38f04884b626454fb43af48677960970,QUEUED
1786098497,b089c757c79748db86252d6112ec55db,PROCESSING
1786098497,38f04884b626454fb43af48677960970,QUEUED
1786098500,b089c757c79748db86252d6112ec55db,PROCESSING
1786098500,38f04884b626454fb43af48677960970,QUEUED
1786098502,b089c757c79748db86252d6112ec55db,PROCESSING
1786098502,38f04884b626454fb43af48677960970,QUEUED
1786098504,b089c757c79748db86252d6112ec55db,PROCESSING
1786098504,38f04884b626454fb43af48677960970,QUEUED
1786098506,b089c757c79748db86252d6112ec55db,PROCESSING
1786098506,38f04884b626454fb43af48677960970,QUEUED
1786098508,b089c757c79748db86252d6112ec55db,PROCESSING
1786098508,38f04884b626454fb43af48677960970,QUEUED
1786098510,b089c757c79748db86252d6112ec55db,PROCESSING
1786098510,38f04884b626454fb43af48677960970,QUEUED
1786098512,b089c757c79748db86252d6112ec55db,PROCESSING
1786098512,38f04884b626454fb43af48677960970,QUEUED
1786098515,b089c757c79748db86252d6112ec55db,PROCESSING
1786098515,38f04884b626454fb43af48677960970,QUEUED
1786098517,b089c757c79748db86252d6112ec55db,PROCESSING
1786098517,38f04884b626454fb43af48677960970,QUEUED
1786098519,b089c757c79748db86252d6112ec55db,PROCESSING
1786098519,38f04884b626454fb43af48677960970,QUEUED
1786098521,b089c757c79748db86252d6112ec55db,PROCESSING
1786098521,38f04884b626454fb43af48677960970,QUEUED
1786098523,b089c757c79748db86252d6112ec55db,PROCESSING
1786098523,38f04884b626454fb43af48677960970,QUEUED
1786098525,b089c757c79748db86252d6112ec55db,PROCESSING
1786098525,38f04884b626454fb43af48677960970,QUEUED
1786098527,b089c757c79748db86252d6112ec55db,PROCESSING
1786098527,38f04884b626454fb43af48677960970,QUEUED
1786098530,b089c757c79748db86252d6112ec55db,PROCESSING
1786098530,38f04884b626454fb43af48677960970,QUEUED
1786098532,b089c757c79748db86252d6112ec55db,PROCESSING
1786098532,38f04884b626454fb43af48677960970,QUEUED
1786098534,b089c757c79748db86252d6112ec55db,PROCESSING
1786098534,38f04884b626454fb43af48677960970,QUEUED
1786098536,b089c757c79748db86252d6112ec55db,PROCESSING
1786098536,38f04884b626454fb43af48677960970,QUEUED
1786098538,b089c757c79748db86252d6112ec55db,PROCESSING
1786098538,38f04884b626454fb43af48677960970,QUEUED
1786098540,b089c757c79748db86252d6112ec55db,PROCESSING
1786098540,38f04884b626454fb43af48677960970,QUEUED
1786098542,b089c757c79748db86252d6112ec55db,PROCESSING
1786098542,38f04884b626454fb43af48677960970,QUEUED
1786098545,b089c757c79748db86252d6112ec55db,PROCESSING
1786098545,38f04884b626454fb43af48677960970,QUEUED
1786098547,b089c757c79748db86252d6112ec55db,PROCESSING
1786098547,38f04884b626454fb43af48677960970,QUEUED
1786098549,b089c757c79748db86252d6112ec55db,PROCESSING
1786098549,38f04884b626454fb43af48677960970,QUEUED
1786098551,b089c757c79748db86252d6112ec55db,PROCESSING
1786098551,38f04884b626454fb43af48677960970,QUEUED
1786098553,b089c757c79748db86252d6112ec55db,PROCESSING
1786098553,38f04884b626454fb43af48677960970,QUEUED
1786098555,b089c757c79748db86252d6112ec55db,PROCESSING
1786098555,38f04884b626454fb43af48677960970,QUEUED
1786098557,b089c757c79748db86252d6112ec55db,PROCESSING
1786098557,38f04884b626454fb43af48677960970,QUEUED
1786098560,b089c757c79748db86252d6112ec55db,PROCESSING
1786098560,38f04884b626454fb43af48677960970,QUEUED
1786098562,b089c757c79748db86252d6112ec55db,PROCESSING
1786098562,38f04884b626454fb43af48677960970,QUEUED
1786098564,b089c757c79748db86252d6112ec55db,PROCESSING
1786098564,38f04884b626454fb43af48677960970,QUEUED
1786098566,b089c757c79748db86252d6112ec55db,PROCESSING
1786098566,38f04884b626454fb43af48677960970,QUEUED
1786098568,b089c757c79748db86252d6112ec55db,PROCESSING
1786098568,38f04884b626454fb43af48677960970,QUEUED
1786098570,b089c757c79748db86252d6112ec55db,PROCESSING
1786098570,38f04884b626454fb43af48677960970,QUEUED
1786098572,b089c757c79748db86252d6112ec55db,PROCESSING
1786098572,38f04884b626454fb43af48677960970,QUEUED
1786098575,b089c757c79748db86252d6112ec55db,PROCESSING
1786098575,38f04884b626454fb43af48677960970,QUEUED
1786098577,b089c757c79748db86252d6112ec55db,PROCESSING
1786098577,38f04884b626454fb43af48677960970,QUEUED
1786098579,b089c757c79748db86252d6112ec55db,PROCESSING
1786098579,38f04884b626454fb43af48677960970,QUEUED
1786098581,b089c757c79748db86252d6112ec55db,PROCESSING
1786098581,38f04884b626454fb43af48677960970,QUEUED
1786098583,b089c757c79748db86252d6112ec55db,PROCESSING
1786098583,38f04884b626454fb43af48677960970,QUEUED
1786098585,b089c757c79748db86252d6112ec55db,PROCESSING
1786098585,38f04884b626454fb43af48677960970,QUEUED
1786098587,b089c757c79748db86252d6112ec55db,PROCESSING
1786098587,38f04884b626454fb43af48677960970,QUEUED
1786098590,b089c757c79748db86252d6112ec55db,PROCESSING
1786098590,38f04884b626454fb43af48677960970,QUEUED
1786098592,b089c757c79748db86252d6112ec55db,PROCESSING
1786098592,38f04884b626454fb43af48677960970,QUEUED
1786098594,b089c757c79748db86252d6112ec55db,PROCESSING
1786098594,38f04884b626454fb43af48677960970,QUEUED
1786098596,b089c757c79748db86252d6112ec55db,PROCESSING
1786098596,38f04884b626454fb43af48677960970,QUEUED
1786098598,b089c757c79748db86252d6112ec55db,PROCESSING
1786098598,38f04884b626454fb43af48677960970,QUEUED
1786098600,b089c757c79748db86252d6112ec55db,PROCESSING
1786098600,38f04884b626454fb43af48677960970,QUEUED
1786098602,b089c757c79748db86252d6112ec55db,PROCESSING
1786098602,38f04884b626454fb43af48677960970,QUEUED
1786098605,b089c757c79748db86252d6112ec55db,PROCESSING
1786098605,38f04884b626454fb43af48677960970,QUEUED
1786098607,b089c757c79748db86252d6112ec55db,PROCESSING
1786098607,38f04884b626454fb43af48677960970,QUEUED
1786098609,b089c757c79748db86252d6112ec55db,PROCESSING
1786098609,38f04884b626454fb43af48677960970,QUEUED
1786098611,b089c757c79748db86252d6112ec55db,PROCESSING
1786098611,38f04884b626454fb43af48677960970,QUEUED
1786098613,b089c757c79748db86252d6112ec55db,PROCESSING
1786098613,38f04884b626454fb43af48677960970,QUEUED
1786098615,b089c757c79748db86252d6112ec55db,PROCESSING
1786098615,38f04884b626454fb43af48677960970,QUEUED
1786098617,b089c757c79748db86252d6112ec55db,PROCESSING
1786098617,38f04884b626454fb43af48677960970,QUEUED
1786098620,b089c757c79748db86252d6112ec55db,PROCESSING
1786098620,38f04884b626454fb43af48677960970,QUEUED
1786098622,b089c757c79748db86252d6112ec55db,PROCESSING
1786098622,38f04884b626454fb43af48677960970,QUEUED
1786098624,b089c757c79748db86252d6112ec55db,PROCESSING
1786098624,38f04884b626454fb43af48677960970,QUEUED
1786098626,b089c757c79748db86252d6112ec55db,PROCESSING
1786098626,38f04884b626454fb43af48677960970,QUEUED
1786098628,b089c757c79748db86252d6112ec55db,PROCESSING
1786098628,38f04884b626454fb43af48677960970,QUEUED
1786098630,b089c757c79748db86252d6112ec55db,PROCESSING
1786098630,38f04884b626454fb43af48677960970,QUEUED
1786098632,b089c757c79748db86252d6112ec55db,PROCESSING
1786098632,38f04884b626454fb43af48677960970,QUEUED
1786098635,b089c757c79748db86252d6112ec55db,PROCESSING
1786098635,38f04884b626454fb43af48677960970,QUEUED
1786098637,b089c757c79748db86252d6112ec55db,PROCESSING
1786098637,38f04884b626454fb43af48677960970,QUEUED
1786098639,b089c757c79748db86252d6112ec55db,PROCESSING
1786098639,38f04884b626454fb43af48677960970,QUEUED
1786098641,b089c757c79748db86252d6112ec55db,PROCESSING
1786098641,38f04884b626454fb43af48677960970,QUEUED
1786098643,b089c757c79748db86252d6112ec55db,PROCESSING
1786098643,38f04884b626454fb43af48677960970,QUEUED
1786098645,b089c757c79748db86252d6112ec55db,PROCESSING
1786098645,38f04884b626454fb43af48677960970,QUEUED
1786098647,b089c757c79748db86252d6112ec55db,PROCESSING
1786098647,38f04884b626454fb43af48677960970,QUEUED
1786098650,b089c757c79748db86252d6112ec55db,PROCESSING
1786098650,38f04884b626454fb43af48677960970,QUEUED
1786098652,b089c757c79748db86252d6112ec55db,PROCESSING
1786098652,38f04884b626454fb43af48677960970,QUEUED
1786098654,b089c757c79748db86252d6112ec55db,PROCESSING
1786098654,38f04884b626454fb43af48677960970,QUEUED
1786098656,b089c757c79748db86252d6112ec55db,PROCESSING
1786098656,38f04884b626454fb43af48677960970,QUEUED
1786098658,b089c757c79748db86252d6112ec55db,PROCESSING
1786098658,38f04884b626454fb43af48677960970,QUEUED
1786098660,b089c757c79748db86252d6112ec55db,PROCESSING
1786098660,38f04884b626454fb43af48677960970,QUEUED
1786098662,b089c757c79748db86252d6112ec55db,PROCESSING
1786098662,38f04884b626454fb43af48677960970,QUEUED
1786098665,b089c757c79748db86252d6112ec55db,PROCESSING
1786098665,38f04884b626454fb43af48677960970,QUEUED
1786098667,b089c757c79748db86252d6112ec55db,PROCESSING
1786098667,38f04884b626454fb43af48677960970,QUEUED
1786098669,b089c757c79748db86252d6112ec55db,PROCESSING
1786098669,38f04884b626454fb43af48677960970,QUEUED
1786098671,b089c757c79748db86252d6112ec55db,PROCESSING
1786098671,38f04884b626454fb43af48677960970,QUEUED
1786098673,b089c757c79748db86252d6112ec55db,PROCESSING
1786098673,38f04884b626454fb43af48677960970,QUEUED
1786098676,b089c757c79748db86252d6112ec55db,PROCESSING
1786098676,38f04884b626454fb43af48677960970,QUEUED
1786098678,b089c757c79748db86252d6112ec55db,PROCESSING
1786098678,38f04884b626454fb43af48677960970,QUEUED
1786098680,b089c757c79748db86252d6112ec55db,PROCESSING
1786098680,38f04884b626454fb43af48677960970,QUEUED
1786098682,b089c757c79748db86252d6112ec55db,PROCESSING
1786098682,38f04884b626454fb43af48677960970,QUEUED
1786098684,b089c757c79748db86252d6112ec55db,PROCESSING
1786098684,38f04884b626454fb43af48677960970,QUEUED
1786098687,b089c757c79748db86252d6112ec55db,PROCESSING
1786098687,38f04884b626454fb43af48677960970,QUEUED
1786098689,b089c757c79748db86252d6112ec55db,PROCESSING
1786098689,38f04884b626454fb43af48677960970,QUEUED
1786098691,b089c757c79748db86252d6112ec55db,PROCESSING
1786098691,38f04884b626454fb43af48677960970,QUEUED
1786098693,b089c757c79748db86252d6112ec55db,PROCESSING
1786098693,38f04884b626454fb43af48677960970,QUEUED
1786098696,b089c757c79748db86252d6112ec55db,DONE
1786098696,38f04884b626454fb43af48677960970,PROCESSING
1786098698,38f04884b626454fb43af48677960970,PROCESSING
1786098700,38f04884b626454fb43af48677960970,PROCESSING
1786098702,38f04884b626454fb43af48677960970,PROCESSING
1786098704,38f04884b626454fb43af48677960970,PROCESSING
1786098706,38f04884b626454fb43af48677960970,PROCESSING
1786098708,38f04884b626454fb43af48677960970,PROCESSING
1786098710,38f04884b626454fb43af48677960970,PROCESSING
1786098712,38f04884b626454fb43af48677960970,PROCESSING
1786098715,38f04884b626454fb43af48677960970,PROCESSING
1786098717,38f04884b626454fb43af48677960970,PROCESSING
1786098719,38f04884b626454fb43af48677960970,PROCESSING
1786098721,38f04884b626454fb43af48677960970,PROCESSING
1786098723,38f04884b626454fb43af48677960970,PROCESSING
1786098725,38f04884b626454fb43af48677960970,PROCESSING
1786098727,38f04884b626454fb43af48677960970,PROCESSING
1786098729,38f04884b626454fb43af48677960970,PROCESSING
1786098731,38f04884b626454fb43af48677960970,PROCESSING
1786098734,38f04884b626454fb43af48677960970,PROCESSING
1786098736,38f04884b626454fb43af48677960970,PROCESSING
1786098738,38f04884b626454fb43af48677960970,PROCESSING
1786098740,38f04884b626454fb43af48677960970,PROCESSING
1786098742,38f04884b626454fb43af48677960970,PROCESSING
1786098744,38f04884b626454fb43af48677960970,PROCESSING
1786098746,38f04884b626454fb43af48677960970,PROCESSING
1786098748,38f04884b626454fb43af48677960970,PROCESSING
1786098750,38f04884b626454fb43af48677960970,PROCESSING
1786098752,38f04884b626454fb43af48677960970,PROCESSING
1786098754,38f04884b626454fb43af48677960970,PROCESSING
1786098756,38f04884b626454fb43af48677960970,PROCESSING
1786098758,38f04884b626454fb43af48677960970,PROCESSING
1786098761,38f04884b626454fb43af48677960970,PROCESSING
1786098763,38f04884b626454fb43af48677960970,PROCESSING
1786098765,38f04884b626454fb43af48677960970,PROCESSING
1786098767,38f04884b626454fb43af48677960970,PROCESSING
1786098769,38f04884b626454fb43af48677960970,PROCESSING
1786098771,38f04884b626454fb43af48677960970,PROCESSING
1786098773,38f04884b626454fb43af48677960970,PROCESSING
1786098775,38f04884b626454fb43af48677960970,PROCESSING
1786098777,38f04884b626454fb43af48677960970,PROCESSING
1786098779,38f04884b626454fb43af48677960970,PROCESSING
1786098781,38f04884b626454fb43af48677960970,PROCESSING
1786098784,38f04884b626454fb43af48677960970,PROCESSING
1786098786,38f04884b626454fb43af48677960970,PROCESSING
1786098788,38f04884b626454fb43af48677960970,PROCESSING
1786098790,38f04884b626454fb43af48677960970,PROCESSING
1786098792,38f04884b626454fb43af48677960970,PROCESSING
1786098794,38f04884b626454fb43af48677960970,PROCESSING
1786098796,38f04884b626454fb43af48677960970,PROCESSING
1786098798,38f04884b626454fb43af48677960970,PROCESSING
1786098800,38f04884b626454fb43af48677960970,PROCESSING
1786098802,38f04884b626454fb43af48677960970,PROCESSING
1786098804,38f04884b626454fb43af48677960970,PROCESSING
1786098806,38f04884b626454fb43af48677960970,PROCESSING
1786098809,38f04884b626454fb43af48677960970,PROCESSING
1786098811,38f04884b626454fb43af48677960970,PROCESSING
1786098813,38f04884b626454fb43af48677960970,PROCESSING
1786098815,38f04884b626454fb43af48677960970,PROCESSING
1786098817,38f04884b626454fb43af48677960970,PROCESSING
1786098819,38f04884b626454fb43af48677960970,PROCESSING
1786098821,38f04884b626454fb43af48677960970,PROCESSING
1786098823,38f04884b626454fb43af48677960970,PROCESSING
1786098825,38f04884b626454fb43af48677960970,PROCESSING
1786098827,38f04884b626454fb43af48677960970,PROCESSING
1786098829,38f04884b626454fb43af48677960970,PROCESSING
1786098831,38f04884b626454fb43af48677960970,PROCESSING
1786098833,38f04884b626454fb43af48677960970,PROCESSING
1786098836,38f04884b626454fb43af48677960970,PROCESSING
1786098838,38f04884b626454fb43af48677960970,PROCESSING
1786098840,38f04884b626454fb43af48677960970,PROCESSING
1786098842,38f04884b626454fb43af48677960970,PROCESSING
1786098844,38f04884b626454fb43af48677960970,PROCESSING
1786098846,38f04884b626454fb43af48677960970,PROCESSING
1786098848,38f04884b626454fb43af48677960970,PROCESSING
1786098850,38f04884b626454fb43af48677960970,PROCESSING
1786098852,38f04884b626454fb43af48677960970,PROCESSING
1786098854,38f04884b626454fb43af48677960970,PROCESSING
1786098856,38f04884b626454fb43af48677960970,PROCESSING
1786098858,38f04884b626454fb43af48677960970,PROCESSING
1786098860,38f04884b626454fb43af48677960970,PROCESSING
1786098863,38f04884b626454fb43af48677960970,PROCESSING
1786098865,38f04884b626454fb43af48677960970,PROCESSING
1786098867,38f04884b626454fb43af48677960970,PROCESSING
1786098869,38f04884b626454fb43af48677960970,PROCESSING
1786098871,38f04884b626454fb43af48677960970,PROCESSING
1786098873,38f04884b626454fb43af48677960970,PROCESSING
1786098875,38f04884b626454fb43af48677960970,PROCESSING
1786098877,38f04884b626454fb43af48677960970,PROCESSING
1786098879,38f04884b626454fb43af48677960970,PROCESSING
1786098881,38f04884b626454fb43af48677960970,PROCESSING
1786098883,38f04884b626454fb43af48677960970,PROCESSING
1786098885,38f04884b626454fb43af48677960970,PROCESSING
1786098887,38f04884b626454fb43af48677960970,PROCESSING
1786098890,38f04884b626454fb43af48677960970,PROCESSING
1786098892,38f04884b626454fb43af48677960970,PROCESSING
1786098894,38f04884b626454fb43af48677960970,PROCESSING
1786098896,38f04884b626454fb43af48677960970,PROCESSING
1786098898,38f04884b626454fb43af48677960970,PROCESSING
1786098900,38f04884b626454fb43af48677960970,PROCESSING
1786098902,38f04884b626454fb43af48677960970,PROCESSING
1786098904,38f04884b626454fb43af48677960970,PROCESSING
1786098906,38f04884b626454fb43af48677960970,PROCESSING
1786098909,38f04884b626454fb43af48677960970,PROCESSING
1786098911,38f04884b626454fb43af48677960970,PROCESSING
1786098913,38f04884b626454fb43af48677960970,PROCESSING
1786098915,38f04884b626454fb43af48677960970,PROCESSING
1786098917,38f04884b626454fb43af48677960970,PROCESSING
1786098919,38f04884b626454fb43af48677960970,DONE
