epoch,job_id,status
1786099378,98d7593db7b54e4c93a8ab1e58299789,QUEUED
1786099378,d57df1cc41f64a948c4bac4ae11ddbf0,QUEUED
1786099378,98f832f0d4cc491ea0a5fbbf57e9b65a,QUEUED
1786099378,05da24cd5d8a40c1a6616132ffecc93c,QUEUED
1786099378,7a830c0554e04e7aa496bd3b057477fc,QUEUED
1786099378,7a64d9b695294b4ca229bcb0c87f66ba,QUEUED
1786099378,98d7593db7b54e4c93a8ab1e58299789,QUEUED
1786099378,d57df1cc41f64a948c4bac4ae11ddbf0,QUEUED
1786099378,98f832f0d4cc491ea0a5fbbf57e9b65a,PROCESSING
1786099378,05da24cd5d8a40c1a6616132ffecc93c,QUEUED
1786099378,7a830c0554e04e7aa496bd3b057477fc,QUEUED
1786099378,7a64d9b695294b4ca229bcb0c87f66ba,QUEUED
1786099381,98d7593db7b54e4c93a8ab1e58299789,QUEUED
1786099381,d57df1cc41f64a948c4bac4ae11ddbf0,QUEUED
1786099381,98f832f0d4cc491ea0a5fbbf57e9b65a,PROCESSING
1786099381,05da24cd5d8a40c1a6616132ffecc93c,QUEUED
1786099381,7a830c0554e04e7aa496bd3b057477fc,QUEUED
1786099381,7a64d9b695294b4ca229bcb0c87f66ba,QUEUED
1786099384,98d7593db7b54e4c93a8ab1e58299789,QUEUED
1786099384,d57df1cc41f64a948c4bac4ae11ddbf0,QUEUED
1786099384,98f832f0d4cc491ea0a5fbbf57e9b65a,PROCESSING
1786099384,05da24cd5d8a40c1a6616132ffecc93c,QUEUED
1786099384,7a830c0554e04e7aa496bd3b057477fc,QUEUED
1786099384,7a64d9b695294b4ca229bcb0c87f66ba,QUEUED
1786099386,98d7593db7b54e4c93a8ab1e58299789,QUEUED
1786099386,d57df1cc41f64a948c4bac4ae11ddbf0,QUEUED
1786099386,98f832f0d4cc491ea0a5fbbf57e9b65a,PROCESSING
1786099386,05da24cd5d8a40c1a6616132ffecc93c,QUEUED
1786099386,7a830c0554e04e7aa496bd3b057477fc,QUEUED
1786099386,7a64d9b695294b4ca229bcb0c87f66ba,QUEUED
1786099389,98d7593db7b54e4c93a8ab1e58299789,QUEUED
1786099389,d57df1cc41f64a948c4bac4ae11ddbf0,QUEUED
1786099389,98f832f0d4cc491ea0a5fbbf57e9b65a,PROCESSING
1786099389,05da24cd5d8a40c1a6616132ffecc93c,QUEUED
1786099389,7a830c0554e04e7aa496bd3b057477fc,QUEUED
1786099389,7a64d9b695294b4ca229bcb0c87f66ba,QUEUED
1786099392,98d7593db7b54e4c93a8ab1e58299789,QUEUED
1786099392,d57df1cc41f64a948c4bac4ae11ddbf0,QUEUED
1786099392,98f832f0d4cc491ea0a5fbbf57e9b65a,PROCESSING
1786099392,05da24cd5d8a40c1a6616132ffecc93c,QUEUED
1786099392,7a830c0554e04e7aa496bd3b057477fc,QUEUED
1786099392,7a64d9b695294b4ca229bcb0c87f66ba,QUEUED
1786099394,98d7593db7b54e4c93a8ab1e58299789,QUEUED
1786099394,d57df1cc41f64a948c4bac4ae11ddbf0,QUEUED
1786099394,98f832f0d4cc491ea0a5fbbf57e9b65a,PROCESSING
1786099394,05da24cd5d8a40c1a6616132ffecc93c,QUEUED
1786099394,7a830c0554e04e7aa496bd3b057477fc,QUEUED
1786099394,7a64d9b695294b4ca229bcb0c87f66ba,QUEUED
1786099397,98d7593db7b54e4c93a8ab1e58299789,QUEUED
1786099397,d57df1cc41f64a948c4bac4ae11ddbf0,QUEUED
1786099397,98f832f0d4cc491ea0a5fbbf57e9b65a,PROCESSING
1786099397,05da24cd5d8a40c1a6616132ffecc93c,QUEUED
1786099397,7a830c0554e04e7aa496bd3b057477fc,QUEUED
1786099397,7a64d9b695294b4ca229bcb0c87f66ba,QUEUED
1786099399,98d7593db7b54e4c93a8ab1e58299789,QUEUED
1786099399,d57df1cc41f64a948c4bac4ae11ddbf0,QUEUED
1786099399,98f832f0d4cc491ea0a5fbbf57e9b65a,PROCESSING
1786099399,05da24cd5d8a40c1a6616132ffecc93c,QUEUED
1786099399,7a830c0554e04e7aa496bd3b057477fc,QUEUED
1786099399,7a64d9b695294b4ca229bcb0c87f66ba,QUEUED
1786099402,98d7593db7b54e4c93a8ab1e58299789,QUEUED
1786099402,d57df1cc41f64a948c4bac4ae11ddbf0,QUEUED
1786099402,98f832f0d4cc491ea0a5fbbf57e9b65a,PROCESSING
1786099402,05da24cd5d8a40c1a6616132ffecc93c,QUEUED
1786099402,7a830c0554e04e7aa496bd3b057477fc,QUEUED
1786099402,7a64d9b695294b4ca229bcb0c87f66ba,QUEUED
1786099404,98d7593db7b54e4c93a8ab1e58299789,QUEUED
1786099404,d57df1cc41f64a948c4bac4ae11ddbf0,QUEUED
1786099404,98f832f0d4cc491ea0a5fbbf57e9b65a,PROCESSING
1786099404,05da24cd5d8a40c1a6616132ffecc93c,QUEUED
1786099404,7a830c0554e04e7aa496bd3b057477fc,QUEUED
1786099404,7a64d9b695294b4ca229bcb0c87f66ba,QUEUED
1786099407,98d7593db7b54e4c93a8ab1e58299789,QUEUED
1786099407,d57df1cc41f64a948c4bac4ae11ddbf0,QUEUED
1786099407,98f832f0d4cc491ea0a5fbbf57e9b65a,PROCESSING
1786099407,05da24cd5d8a40c1a6616132ffecc93c,QUEUED
1786099407,7a830c0554e04e7aa496bd3b057477fc,QUEUED
1786099407,7a64d9b695294b4ca229bcb0c87f66ba,QUEUED
1786099409,98d7593db7b54e4c93a8ab1e58299789,QUEUED
1786099409,d57df1cc41f64a948c4bac4ae11ddbf0,QUEUED
1786099409,98f832f0d4cc491ea0a5fbbf57e9b65a,PROCESSING
1786099409,05da24cd5d8a40c1a6616132ffecc93c,QUEUED
1786099409,7a830c0554e04e7aa496bd3b057477fc,QUEUED
1786099409,7a64d9b695294b4ca229bcb0c87f66ba,QUEUED
1786099412,98d7593db7b54e4c93a8ab1e58299789,QUEUED
1786099412,d57df1cc41f64a948c4bac4ae11ddbf0,QUEUED
1786099412,98f832f0d4cc491ea0a5fbbf57e9b65a,PROCESSING
1786099412,05da24cd5d8a40c1a6616132ffecc93c,QUEUED
1786099412,7a830c0554e04e7aa496bd3b057477fc,QUEUED
1786099412,7a64d9b695294b4ca229bcb0c87f66ba,QUEUED
1786099414,98d7593db7b54e4c93a8ab1e58299789,QUEUED
1786099414,d57df1cc41f64a948c4bac4ae11ddbf0,QUEUED
1786099414,98f832f0d4cc491ea0a5fbbf57e9b65a,PROCESSING
1786099414,05da24cd5d8a40c1a6616132ffecc93c,QUEUED
1786099414,7a830c0554e04e7aa496bd3b057477fc,QUEUED
1786099414,7a64d9b695294b4ca229bcb0c87f66ba,QUEUED
1786099417,98d7593db7b54e4c93a8ab1e58299789,QUEUED
1786099417,d57df1cc41f64a948c4bac4ae11ddbf0,QUEUED
1786099417,98f832f0d4cc491ea0a5fbbf57e9b65a,PROCESSING
1786099417,05da24cd5d8a40c1a6616132ffecc93c,QUEUED
1786099417,7a830c0554e04e7aa496bd3b057477fc,QUEUED
1786099417,7a64d9b695294b4ca229bcb0c87f66ba,QUEUED
1786099419,98d7593db7b54e4c93a8ab1e58299789,QUEUED
1786099419,d57df1cc41f64a948c4bac4ae11ddbf0,QUEUED
1786099419,98f832f0d4cc491ea0a5fbbf57e9b65a,PROCESSING
1786099419,05da24cd5d8a40c1a6616132ffecc93c,QUEUED
1786099419,7a830c0554e04e7aa496bd3b057477fc,QUEUED
1786099419,7a64d9b695294b4ca229bcb0c87f66ba,QUEUED
1786099421,98d7593db7b54e4c93a8ab1e58299789,QUEUED
1786099421,d57df1cc41f64a948c4bac4ae11ddbf0,QUEUED
1786099421,98f832f0d4cc491ea0a5fbbf57e9b65a,PROCESSING
1786099421,05da24cd5d8a40c1a6616132ffecc93c,QUEUED
1786099421,7a830c0554e04e7aa496bd3b057477fc,QUEUED
1786099421,7a64d9b695294b4ca229bcb0c87f66ba,QUEUED
1786099424,98d7593db7b54e4c93a8ab1e58299789,QUEUED
1786099424,d57df1cc41f64a948c4bac4ae11ddbf0,QUEUED
1786099424,98f832f0d4cc491ea0a5fbbf57e9b65a,PROCESSING
1786099424,05da24cd5d8a40c1a6616132ffecc93c,QUEUED
1786099424,7a830c0554e04e7aa496bd3b057477fc,QUEUED
1786099424,7a64d9b695294b4ca229bcb0c87f66ba,QUEUED
1786099426,98d7593db7b54e4c93a8ab1e58299789,QUEUED
1786099426,d57df1cc41f64a948c4bac4ae11ddbf0,QUEUED
1786099426,98f832f0d4cc491ea0a5fbbf57e9b65a,PROCESSING
1786099426,05da24cd5d8a40c1a6616132ffecc93c,QUEUED
1786099426,7a830c0554e04e7aa496bd3b057477fc,QUEUED
1786099426,7a64d9b695294b4ca229bcb0c87f66ba,QUEUED
1786099429,98d7593db7b54e4c93a8ab1e58299789,QUEUED
1786099429,d57df1cc41f64a948c4bac4ae11ddbf0,QUEUED
1786099429,98f832f0d4cc491ea0a5fbbf57e9b65a,PROCESSING
1786099429,05da24cd5d8a40c1a6616132ffecc93c,QUEUED
1786099429,7a830c0554e04e7aa496bd3b057477fc,QUEUED
1786099429,7a64d9b695294b4ca229bcb0c87f66ba,QUEUED
1786099431,98d7593db7b54e4c93a8ab1e58299789,QUEUED
1786099431,d57df1cc41f64a948c4bac4ae11ddbf0,QUEUED
1786099431,98f832f0d4cc491ea0a5fbbf57e9b65a,PROCESSING
1786099431,05da24cd5d8a40c1a6616132ffecc93c,QUEUED
1786099431,7a830c0554e04e7aa496bd3b057477fc,QUEUED
1786099431,7a64d9b695294b4ca229bcb0c87f66ba,QUEUED
1786099433,98d7593db7b54e4c93a8ab1e58299789,QUEUED
1786099433,d57df1cc41f64a948c4bac4ae11ddbf0,QUEUED
1786099433,98f832f0d4cc491ea0a5fbbf57e9b65a,PROCESSING
1786099433,05da24cd5d8a40c1a6616132ffecc93c,QUEUED
1786099433,7a830c0554e04e7aa496bd3b057477fc,QUEUED
1786099433,7a64d9b695294b4ca229bcb0c87f66ba,QUEUED
1786099436,98d7593db7b54e4c93a8ab1e58299789,QUEUED
1786099436,d57df1cc41f64a948c4bac4ae11ddbf0,QUEUED
1786099436,98f832f0d4cc491ea0a5fbbf57e9b65a,PROCESSING
1786099436,05da24cd5d8a40c1a6616132ffecc93c,QUEUED
1786099436,7a830c0554e04e7aa496bd3b057477fc,QUEUED
1786099436,7a64d9b695294b4ca229bcb0c87f66ba,QUEUED
1786099438,98d7593db7b54e4c93a8ab1e58299789,QUEUED
1786099438,d57df1cc41f64a948c4bac4ae11ddbf0,QUEUED
1786099438,98f832f0d4cc491ea0a5fbbf57e9b65a,PROCESSING
1786099438,05da24cd5d8a40c1a6616132ffecc93c,QUEUED
1786099438,7a830c0554e04e7aa496bd3b057477fc,QUEUED
1786099438,7a64d9b695294b4ca229bcb0c87f66ba,QUEUED
1786099441,98d7593db7b54e4c93a8ab1e58299789,QUEUED
1786099441,d57df1cc41f64a948c4bac4ae11ddbf0,QUEUED
1786099441,98f832f0d4cc491ea0a5fbbf57e9b65a,PROCESSING
1786099441,05da24cd5d8a40c1a6616132ffecc93c,QUEUED
1786099441,7a830c0554e04e7aa496bd3b057477fc,QUEUED
1786099441,7a64d9b695294b4ca229bcb0c87f66ba,QUEUED
1786099443,98d7593db7b54e4c93a8ab1e58299789,QUEUED
1786099443,d57df1cc41f64a948c4bac4ae11ddbf0,QUEUED
1786099443,98f832f0d4cc491ea0a5fbbf57e9b65a,PROCESSING
1786099443,05da24cd5d8a40c1a6616132ffecc93c,QUEUED
1786099443,7a830c0554e04e7aa496bd3b057477fc,QUEUED
1786099443,7a64d9b695294b4ca229bcb0c87f66ba,QUEUED
1786099446,98d7593db7b54e4c93a8ab1e58299789,QUEUED
1786099446,d57df1cc41f64a948c4bac4ae11ddbf0,QUEUED
1786099446,98f832f0d4cc491ea0a5fbbf57e9b65a,PROCESSING
1786099446,05da24cd5d8a40c1a6616132ffecc93c,QUEUED
1786099446,7a830c0554e04e7aa496bd3b057477fc,QUEUED
1786099446,7a64d9b695294b4ca229bcb0c87f66ba,QUEUED
1786099448,98d7593db7b54e4c93a8ab1e58299789,QUEUED
1786099448,d57df1cc41f64a948c4bac4ae11ddbf0,QUEUED
1786099448,98f832f0d4cc491ea0a5fbbf57e9b65a,PROCESSING
1786099448,05da24cd5d8a40c1a6616132ffecc93c,QUEUED
1786099448,7a830c0554e04e7aa496bd3b057477fc,QUEUED
1786099448,7a64d9b695294b4ca229bcb0c87f66ba,QUEUED
1786099450,98d7593db7b54e4c93a8ab1e58299789,QUEUED
1786099450,d57df1cc41f64a948c4bac4ae11ddbf0,QUEUED
1786099450,98f832f0d4cc491ea0a5fbbf57e9b65a,PROCESSING
1786099450,05da24cd5d8a40c1a6616132ffecc93c,QUEUED
1786099450,7a830c0554e04e7aa496bd3b057477fc,QUEUED
1786099450,7a64d9b695294b4ca229bcb0c87f66ba,QUEUED
1786099453,98d7593db7b54e4c93a8ab1e58299789,QUEUED
1786099453,d57df1cc41f64a948c4bac4ae11ddbf0,QUEUED
1786099453,98f832f0d4cc491ea0a5fbbf57e9b65a,PROCESSING
1786099453,05da24cd5d8a40c1a6616132ffecc93c,QUEUED
1786099453,7a830c0554e04e7aa496bd3b057477fc,QUEUED
1786099453,7a64d9b695294b4ca229bcb0c87f66ba,QUEUED
1786099455,98d7593db7b54e4c93a8ab1e58299789,QUEUED
1786099455,d57df1cc41f64a948c4bac4ae11ddbf0,QUEUED
1786099455,98f832f0d4cc491ea0a5fbbf57e9b65a,PROCESSING
1786099455,05da24cd5d8a40c1a6616132ffecc93c,QUEUED
1786099455,7a830c0554e04e7aa496bd3b057477fc,QUEUED
1786099455,7a64d9b695294b4ca229bcb0c87f66ba,QUEUED
1786099458,98d7593db7b54e4c93a8ab1e58299789,QUEUED
1786099458,d57df1cc41f64a948c4bac4ae11ddbf0,QUEUED
1786099458,98f832f0d4cc491ea0a5fbbf57e9b65a,PROCESSING
1786099458,05da24cd5d8a40c1a6616132ffecc93c,QUEUED
1786099458,7a830c0554e04e7aa496bd3b057477fc,QUEUED
1786099458,7a64d9b695294b4ca229bcb0c87f66ba,QUEUED
1786099460,98d7593db7b54e4c93a8ab1e58299789,QUEUED
1786099460,d57df1cc41f64a948c4bac4ae11ddbf0,QUEUED
1786099460,98f832f0d4cc491ea0a5fbbf57e9b65a,PROCESSING
1786099460,05da24cd5d8a40c1a6616132ffecc93c,QUEUED
1786099460,7a830c0554e04e7aa496bd3b057477fc,QUEUED
1786099460,7a64d9b695294b4ca229bcb0c87f66ba,QUEUED
1786099462,98d7593db7b54e4c93a8ab1e58299789,QUEUED
1786099462,d57df1cc41f64a948c4bac4ae11ddbf0,QUEUED
1786099462,98f832f0d4cc491ea0a5fbbf57e9b65a,PROCESSING
1786099462,05da24cd5d8a40c1a6616132ffecc93c,QUEUED
1786099462,7a830c0554e04e7aa496bd3b057477fc,QUEUED
1786099462,7a64d9b695294b4ca229bcb0c87f66ba,QUEUED
1786099465,98d7593db7b54e4c93a8ab1e58299789,QUEUED
1786099465,d57df1cc41f64a948c4bac4ae11ddbf0,QUEUED
1786099465,98f832f0d4cc491ea0a5fbbf57e9b65a,PROCESSING
1786099465,05da24cd5d8a40c1a6616132ffecc93c,QUEUED
1786099465,7a830c0554e04e7aa496bd3b057477fc,QUEUED
1786099465,7a64d9b695294b4ca229bcb0c87f66ba,QUEUED
1786099467,98d7593db7b54e4c93a8ab1e58299789,QUEUED
1786099467,d57df1cc41f64a948c4bac4ae11ddbf0,QUEUED
1786099467,98f832f0d4cc491ea0a5fbbf57e9b65a,PROCESSING
1786099467,05da24cd5d8a40c1a6616132ffecc93c,QUEUED
1786099467,7a830c0554e04e7aa496bd3b057477fc,QUEUED
1786099467,7a64d9b695294b4ca229bcb0c87f66ba,QUEUED
1786099470,98d7593db7b54e4c93a8ab1e58299789,QUEUED
1786099470,d57df1cc41f64a948c4bac4ae11ddbf0,QUEUED
1786099470,98f832f0d4cc491ea0a5fbbf57e9b65a,PROCESSING
1786099470,05da24cd5d8a40c1a6616132ffecc93c,QUEUED
1786099470,7a830c0554e04e7aa496bd3b057477fc,QUEUED
1786099470,7a64d9b695294b4ca229bcb0c87f66ba,QUEUED
1786099472,98d7593db7b54e4c93a8ab1e58299789,QUEUED
1786099472,d57df1cc41f64a948c4bac4ae11ddbf0,QUEUED
1786099472,98f832f0d4cc491ea0a5fbbf57e9b65a,PROCESSING
1786099472,05da24cd5d8a40c1a6616132ffecc93c,QUEUED
1786099472,7a830c0554e04e7aa496bd3b057477fc,QUEUED
1786099472,7a64d9b695294b4ca229bcb0c87f66ba,QUEUED
1786099475,98d7593db7b54e4c93a8ab1e58299789,QUEUED
1786099475,d57df1cc41f64a948c4bac4ae11ddbf0,QUEUED
1786099475,98f832f0d4cc491ea0a5fbbf57e9b65a,PROCESSING
1786099475,05da24cd5d8a40c1a6616132ffecc93c,QUEUED
1786099475,7a830c0554e04e7aa496bd3b057477fc,QUEUED
1786099475,7a64d9b695294b4ca229bcb0c87f66ba,QUEUED
1786099477,98d7593db7b54e4c93a8ab1e58299789,QUEUED
1786099477,d57df1cc41f64a948c4bac4ae11ddbf0,QUEUED
1786099477,98f832f0d4cc491ea0a5fbbf57e9b65a,PROCESSING
1786099477,05da24cd5d8a40c1a6616132ffecc93c,QUEUED
1786099477,7a830c0554e04e7aa496bd3b057477fc,QUEUED
1786099477,7a64d9b695294b4ca229bcb0c87f66ba,QUEUED
1786099479,98d7593db7b54e4c93a8ab1e58299789,QUEUED
1786099479,d57df1cc41f64a948c4bac4ae11ddbf0,QUEUED
1786099479,98f832f0d4cc491ea0a5fbbf57e9b65a,PROCESSING
1786099479,05da24cd5d8a40c1a6616132ffecc93c,QUEUED
1786099479,7a830c0554e04e7aa496bd3b057477fc,QUEUED
1786099479,7a64d9b695294b4ca229bcb0c87f66ba,QUEUED
1786099482,98d7593db7b54e4c93a8ab1e58299789,QUEUED
1786099482,d57df1cc41f64a948c4bac4ae11ddbf0,QUEUED
1786099482,98f832f0d4cc491ea0a5fbbf57e9b65a,PROCESSING
1786099482,05da24cd5d8a40c1a6616132ffecc93c,QUEUED
1786099482,7a830c0554e04e7aa496bd3b057477fc,QUEUED
1786099482,7a64d9b695294b4ca229bcb0c87f66ba,QUEUED
1786099484,98d7593db7b54e4c93a8ab1e58299789,QUEUED
1786099484,d57df1cc41f64a948c4bac4ae11ddbf0,QUEUED
1786099484,98f832f0d4cc491ea0a5fbbf57e9b65a,PROCESSING
1786099484,05da24cd5d8a40c1a6616132ffecc93c,QUEUED
1786099484,7a830c0554e04e7aa496bd3b057477fc,QUEUED
1786099484,7a64d9b695294b4ca229bcb0c87f66ba,QUEUED
1786099487,98d7593db7b54e4c93a8ab1e58299789,QUEUED
1786099487,d57df1cc41f64a948c4bac4ae11ddbf0,QUEUED
1786099487,98f832f0d4cc491ea0a5fbbf57e9b65a,PROCESSING
1786099487,05da24cd5d8a40c1a6616132ffecc93c,QUEUED
1786099487,7a830c0554e04e7aa496bd3b057477fc,QUEUED
1786099487,7a64d9b695294b4ca229bcb0c87f66ba,QUEUED
1786099489,98d7593db7b54e4c93a8ab1e58299789,QUEUED
1786099489,d57df1cc41f64a948c4bac4ae11ddbf0,QUEUED
1786099489,98f832f0d4cc491ea0a5fbbf57e9b65a,PROCESSING
1786099489,05da24cd5d8a40c1a6616132ffecc93c,QUEUED
1786099489,7a830c0554e04e7aa496bd3b057477fc,QUEUED
1786099489,7a64d9b695294b4ca229bcb0c87f66ba,QUEUED
1786099491,98d7593db7b54e4c93a8ab1e58299789,QUEUED
1786099491,d57df1cc41f64a948c4bac4ae11ddbf0,QUEUED
1786099491,98f832f0d4cc491ea0a5fbbf57e9b65a,PROCESSING
1786099491,05da24cd5d8a40c1a6616132ffecc93c,QUEUED
1786099491,7a830c0554e04e7aa496bd3b057477fc,QUEUED
1786099491,7a64d9b695294b4ca229bcb0c87f66ba,QUEUED
1786099494,98d7593db7b54e4c93a8ab1e58299789,QUEUED
1786099494,d57df1cc41f64a948c4bac4ae11ddbf0,QUEUED
1786099494,98f832f0d4cc491ea0a5fbbf57e9b65a,PROCESSING
1786099494,05da24cd5d8a40c1a6616132ffecc93c,QUEUED
1786099494,7a830c0554e04e7aa496bd3b057477fc,QUEUED
1786099494,7a64d9b695294b4ca229bcb0c87f66ba,QUEUED
1786099496,98d7593db7b54e4c93a8ab1e58299789,QUEUED
1786099496,d57df1cc41f64a948c4bac4ae11ddbf0,QUEUED
1786099496,98f832f0d4cc491ea0a5fbbf57e9b65a,PROCESSING
1786099496,05da24cd5d8a40c1a6616132ffecc93c,QUEUED
1786099496,7a830c0554e04e7aa496bd3b057477fc,QUEUED
1786099496,7a64d9b695294b4ca229bcb0c87f66ba,QUEUED
1786099499,98d7593db7b54e4c93a8ab1e58299789,QUEUED
1786099499,d57df1cc41f64a948c4bac4ae11ddbf0,QUEUED
1786099499,98f832f0d4cc491ea0a5fbbf57e9b65a,PROCESSING
1786099499,05da24cd5d8a40c1a6616132ffecc93c,QUEUED
1786099499,7a830c0554e04e7aa496bd3b057477fc,QUEUED
1786099499,7a64d9b695294b4ca229bcb0c87f66ba,QUEUED
1786099501,98d7593db7b54e4c93a8ab1e58299789,QUEUED
1786099501,d57df1cc41f64a948c4bac4ae11ddbf0,QUEUED
1786099501,98f832f0d4cc491ea0a5fbbf57e9b65a,PROCESSING
1786099501,05da24cd5d8a40c1a6616132ffecc93c,QUEUED
1786099501,7a830c0554e04e7aa496bd3b057477fc,QUEUED
1786099501,7a64d9b695294b4ca229bcb0c87f66ba,QUEUED
1786099504,98d7593db7b54e4c93a8ab1e58299789,QUEUED
1786099504,d57df1cc41f64a948c4bac4ae11ddbf0,QUEUED
1786099504,98f832f0d4cc491ea0a5fbbf57e9b65a,PROCESSING
1786099504,05da24cd5d8a40c1a6616132ffecc93c,QUEUED
1786099504,7a830c0554e04e7aa496bd3b057477fc,QUEUED
1786099504,7a64d9b695294b4ca229bcb0c87f66ba,QUEUED
1786099506,98d7593db7b54e4c93a8ab1e58299789,QUEUED
1786099506,d57df1cc41f64a948c4bac4ae11ddbf0,QUEUED
1786099506,98f832f0d4cc491ea0a5fbbf57e9b65a,PROCESSING
1786099506,05da24cd5d8a40c1a6616132ffecc93c,QUEUED
1786099506,7a830c0554e04e7aa496bd3b057477fc,QUEUED
1786099506,7a64d9b695294b4ca229bcb0c87f66ba,QUEUED
1786099508,98d7593db7b54e4c93a8ab1e58299789,QUEUED
1786099508,d57df1cc41f64a948c4bac4ae11ddbf0,QUEUED
1786099508,98f832f0d4cc491ea0a5fbbf57e9b65a,PROCESSING
1786099508,05da24cd5d8a40c1a6616132ffecc93c,QUEUED
1786099508,7a830c0554e04e7aa496bd3b057477fc,QUEUED
1786099508,7a64d9b695294b4ca229bcb0c87f66ba,QUEUED
1786099511,98d7593db7b54e4c93a8ab1e58299789,QUEUED
1786099511,d57df1cc41f64a948c4bac4ae11ddbf0,QUEUED
1786099511,98f832f0d4cc491ea0a5fbbf57e9b65a,PROCESSING
1786099511,05da24cd5d8a40c1a6616132ffecc93c,QUEUED
1786099511,7a830c0554e04e7aa496bd3b057477fc,QUEUED
1786099511,7a64d9b695294b4ca229bcb0c87f66ba,QUEUED
1786099513,98d7593db7b54e4c93a8ab1e58299789,QUEUED
1786099513,d57df1cc41f64a948c4bac4ae11ddbf0,QUEUED
1786099513,98f832f0d4cc491ea0a5fbbf57e9b65a,PROCESSING
1786099513,05da24cd5d8a40c1a6616132ffecc93c,QUEUED
1786099513,7a830c0554e04e7aa496bd3b057477fc,QUEUED
1786099513,7a64d9b695294b4ca229bcb0c87f66ba,QUEUED
1786099516,98d7593db7b54e4c93a8ab1e58299789,QUEUED
1786099516,d57df1cc41f64a948c4bac4ae11ddbf0,QUEUED
1786099516,98f832f0d4cc491ea0a5fbbf57e9b65a,PROCESSING
1786099516,05da24cd5d8a40c1a6616132ffecc93c,QUEUED
1786099516,7a830c0554e04e7aa496bd3b057477fc,QUEUED
1786099516,7a64d9b695294b4ca229bcb0c87f66ba,QUEUED
1786099518,98d7593db7b54e4c93a8ab1e58299789,QUEUED
1786099518,d57df1cc41f64a948c4bac4ae11ddbf0,QUEUED
1786099518,98f832f0d4cc491ea0a5fbbf57e9b65a,PROCESSING
1786099518,05da24cd5d8a40c1a6616132ffecc93c,QUEUED
1786099518,7a830c0554e04e7aa496bd3b057477fc,QUEUED
1786099518,7a64d9b695294b4ca229bcb0c87f66ba,QUEUED
1786099521,98d7593db7b54e4c93a8ab1e58299789,QUEUED
1786099521,d57df1cc41f64a948c4bac4ae11ddbf0,QUEUED
1786099521,98f832f0d4cc491ea0a5fbbf57e9b65a,PROCESSING
1786099521,05da24cd5d8a40c1a6616132ffecc93c,QUEUED
1786099521,7a830c0554e04e7aa496bd3b057477fc,QUEUED
1786099521,7a64d9b695294b4ca229bcb0c87f66ba,QUEUED
1786099523,98d7593db7b54e4c93a8ab1e58299789,QUEUED
1786099523,d57df1cc41f64a948c4bac4ae11ddbf0,QUEUED
1786099523,98f832f0d4cc491ea0a5fbbf57e9b65a,PROCESSING
1786099523,05da24cd5d8a40c1a6616132ffecc93c,QUEUED
1786099523,7a830c0554e04e7aa496bd3b057477fc,QUEUED
1786099523,7a64d9b695294b4ca229bcb0c87f66ba,QUEUED
1786099525,98d7593db7b54e4c93a8ab1e58299789,QUEUED
1786099525,d57df1cc41f64a948c4bac4ae11ddbf0,QUEUED
1786099525,98f832f0d4cc491ea0a5fbbf57e9b65a,PROCESSING
1786099525,05da24cd5d8a40c1a6616132ffecc93c,QUEUED
1786099525,7a830c0554e04e7aa496bd3b057477fc,QUEUED
1786099525,7a64d9b695294b4ca229bcb0c87f66ba,QUEUED
1786099528,98d7593db7b54e4c93a8ab1e58299789,QUEUED
1786099528,d57df1cc41f64a948c4bac4ae11ddbf0,QUEUED
1786099528,98f832f0d4cc491ea0a5fbbf57e9b65a,PROCESSING
1786099528,05da24cd5d8a40c1a6616132ffecc93c,QUEUED
1786099528,7a830c0554e04e7aa496bd3b057477fc,QUEUED
1786099528,7a64d9b695294b4ca229bcb0c87f66ba,QUEUED
1786099530,98d7593db7b54e4c93a8ab1e58299789,QUEUED
1786099530,d57df1cc41f64a948c4bac4ae11ddbf0,QUEUED
1786099530,98f832f0d4cc491ea0a5fbbf57e9b65a,PROCESSING
1786099530,05da24cd5d8a40c1a6616132ffecc93c,QUEUED
1786099530,7a830c0554e04e7aa496bd3b057477fc,QUEUED
1786099530,7a64d9b695294b4ca229bcb0c87f66ba,QUEUED
1786099533,98d7593db7b54e4c93a8ab1e58299789,QUEUED
1786099533,d57df1cc41f64a948c4bac4ae11ddbf0,QUEUED
1786099533,98f832f0d4cc491ea0a5fbbf57e9b65a,PROCESSING
1786099533,05da24cd5d8a40c1a6616132ffecc93c,QUEUED
1786099533,7a830c0554e04e7aa496bd3b057477fc,QUEUED
1786099533,7a64d9b695294b4ca229bcb0c87f66ba,QUEUED
1786099535,98d7593db7b54e4c93a8ab1e58299789,QUEUED
1786099535,d57df1cc41f64a948c4bac4ae11ddbf0,QUEUED
1786099535,98f832f0d4cc491ea0a5fbbf57e9b65a,PROCESSING
1786099535,05da24cd5d8a40c1a6616132ffecc93c,QUEUED
1786099535,7a830c0554e04e7aa496bd3b057477fc,QUEUED
1786099535,7a64d9b695294b4ca229bcb0c87f66ba,QUEUED
1786099537,98d7593db7b54e4c93a8ab1e58299789,QUEUED
1786099537,d57df1cc41f64a948c4bac4ae11ddbf0,QUEUED
1786099537,98f832f0d4cc491ea0a5fbbf57e9b65a,PROCESSING
1786099537,05da24cd5d8a40c1a6616132ffecc93c,QUEUED
1786099537,7a830c0554e04e7aa496bd3b057477fc,QUEUED
1786099537,7a64d9b695294b4ca229bcb0c87f66ba,QUEUED
1786099540,98d7593db7b54e4c93a8ab1e58299789,QUEUED
1786099540,d57df1cc41f64a948c4bac4ae11ddbf0,QUEUED
1786099540,98f832f0d4cc491ea0a5fbbf57e9b65a,PROCESSING
1786099540,05da24cd5d8a40c1a6616132ffecc93c,QUEUED
1786099540,7a830c0554e04e7aa496bd3b057477fc,QUEUED
1786099540,7a64d9b695294b4ca229bcb0c87f66ba,QUEUED
1786099542,98d7593db7b54e4c93a8ab1e58299789,QUEUED
1786099542,d57df1cc41f64a948c4bac4ae11ddbf0,QUEUED
1786099542,98f832f0d4cc491ea0a5fbbf57e9b65a,PROCESSING
1786099542,05da24cd5d8a40c1a6616132ffecc93c,QUEUED
1786099542,7a830c0554e04e7aa496bd3b057477fc,QUEUED
1786099542,7a64d9b695294b4ca229bcb0c87f66ba,QUEUED
1786099545,98d7593db7b54e4c93a8ab1e58299789,QUEUED
1786099545,d57df1cc41f64a948c4bac4ae11ddbf0,QUEUED
1786099545,98f832f0d4cc491ea0a5fbbf57e9b65a,PROCESSING
1786099545,05da24cd5d8a40c1a6616132ffecc93c,QUEUED
1786099545,7a830c0554e04e7aa496bd3b057477fc,QUEUED
1786099545,7a64d9b695294b4ca229bcb0c87f66ba,QUEUED
1786099547,98d7593db7b54e4c93a8ab1e58299789,QUEUED
1786099547,d57df1cc41f64a948c4bac4ae11ddbf0,QUEUED
1786099547,98f832f0d4cc491ea0a5fbbf57e9b65a,PROCESSING
1786099547,05da24cd5d8a40c1a6616132ffecc93c,QUEUED
1786099547,7a830c0554e04e7aa496bd3b057477fc,QUEUED
1786099547,7a64d9b695294b4ca229bcb0c87f66ba,QUEUED
1786099550,98d7593db7b54e4c93a8ab1e58299789,QUEUED
1786099550,d57df1cc41f64a948c4bac4ae11ddbf0,QUEUED
1786099550,98f832f0d4cc491ea0a5fbbf57e9b65a,PROCESSING
1786099550,05da24cd5d8a40c1a6616132ffecc93c,QUEUED
1786099550,7a830c0554e04e7aa496bd3b057477fc,QUEUED
1786099550,7a64d9b695294b4ca229bcb0c87f66ba,QUEUED
1786099552,98d7593db7b54e4c93a8ab1e58299789,QUEUED
1786099552,d57df1cc41f64a948c4bac4ae11ddbf0,QUEUED
1786099552,98f832f0d4cc491ea0a5fbbf57e9b65a,PROCESSING
1786099552,05da24cd5d8a40c1a6616132ffecc93c,QUEUED
1786099552,7a830c0554e04e7aa496bd3b057477fc,QUEUED
1786099552,7a64d9b695294b4ca229bcb0c87f66ba,QUEUED
1786099554,98d7593db7b54e4c93a8ab1e58299789,QUEUED
1786099554,d57df1cc41f64a948c4bac4ae11ddbf0,QUEUED
1786099554,98f832f0d4cc491ea0a5fbbf57e9b65a,PROCESSING
1786099554,05da24cd5d8a40c1a6616132ffecc93c,QUEUED
1786099554,7a830c0554e04e7aa496bd3b057477fc,QUEUED
1786099554,7a64d9b695294b4ca229bcb0c87f66ba,QUEUED
1786099557,98d7593db7b54e4c93a8ab1e58299789,QUEUED
1786099557,d57df1cc41f64a948c4bac4ae11ddbf0,QUEUED
1786099557,98f832f0d4cc491ea0a5fbbf57e9b65a,PROCESSING
1786099557,05da24cd5d8a40c1a6616132ffecc93c,QUEUED
1786099557,7a830c0554e04e7aa496bd3b057477fc,QUEUED
1786099557,7a64d9b695294b4ca229bcb0c87f66ba,QUEUED
1786099559,98d7593db7b54e4c93a8ab1e58299789,QUEUED
1786099559,d57df1cc41f64a948c4bac4ae11ddbf0,QUEUED
1786099559,98f832f0d4cc491ea0a5fbbf57e9b65a,PROCESSING
1786099559,05da24cd5d8a40c1a6616132ffecc93c,QUEUED
1786099559,7a830c0554e04e7aa496bd3b057477fc,QUEUED
1786099559,7a64d9b695294b4ca229bcb0c87f66ba,QUEUED
1786099562,98d7593db7b54e4c93a8ab1e58299789,QUEUED
1786099562,d57df1cc41f64a948c4bac4ae11ddbf0,QUEUED
1786099562,98f832f0d4cc491ea0a5fbbf57e9b65a,PROCESSING
1786099562,05da24cd5d8a40c1a6616132ffecc93c,QUEUED
1786099562,7a830c0554e04e7aa496bd3b057477fc,QUEUED
1786099562,7a64d9b695294b4ca229bcb0c87f66ba,QUEUED
1786099564,98d7593db7b54e4c93a8ab1e58299789,QUEUED
1786099564,d57df1cc41f64a948c4bac4ae11ddbf0,QUEUED
1786099564,98f832f0d4cc491ea0a5fbbf57e9b65a,PROCESSING
1786099564,05da24cd5d8a40c1a6616132ffecc93c,QUEUED
1786099564,7a830c0554e04e7aa496bd3b057477fc,QUEUED
1786099564,7a64d9b695294b4ca229bcb0c87f66ba,QUEUED
1786099567,98d7593db7b54e4c93a8ab1e58299789,QUEUED
1786099567,d57df1cc41f64a948c4bac4ae11ddbf0,QUEUED
1786099567,98f832f0d4cc491ea0a5fbbf57e9b65a,PROCESSING
1786099567,05da24cd5d8a40c1a6616132ffecc93c,QUEUED
1786099567,7a830c0554e04e7aa496bd3b057477fc,QUEUED
1786099567,7a64d9b695294b4ca229bcb0c87f66ba,QUEUED
1786099569,98d7593db7b54e4c93a8ab1e58299789,QUEUED
1786099569,d57df1cc41f64a948c4bac4ae11ddbf0,QUEUED
1786099569,98f832f0d4cc491ea0a5fbbf57e9b65a,PROCESSING
1786099569,05da24cd5d8a40c1a6616132ffecc93c,QUEUED
1786099569,7a830c0554e04e7aa496bd3b057477fc,QUEUED
1786099569,7a64d9b695294b4ca229bcb0c87f66ba,QUEUED
1786099571,98d7593db7b54e4c93a8ab1e58299789,QUEUED
1786099571,d57df1cc41f64a948c4bac4ae11ddbf0,QUEUED
1786099571,98f832f0d4cc491ea0a5fbbf57e9b65a,PROCESSING
1786099571,05da24cd5d8a40c1a6616132ffecc93c,QUEUED
1786099571,7a830c0554e04e7aa496bd3b057477fc,QUEUED
1786099571,7a64d9b695294b4ca229bcb0c87f66ba,QUEUED
1786099574,98d7593db7b54e4c93a8ab1e58299789,QUEUED
1786099574,d57df1cc41f64a948c4bac4ae11ddbf0,QUEUED
1786099574,98f832f0d4cc491ea0a5fbbf57e9b65a,PROCESSING
1786099574,05da24cd5d8a40c1a6616132ffecc93c,QUEUED
1786099574,7a830c0554e04e7aa496bd3b057477fc,QUEUED
1786099574,7a64d9b695294b4ca229bcb0c87f66ba,QUEUED
1786099576,98d7593db7b54e4c93a8ab1e58299789,QUEUED
1786099576,d57df1cc41f64a948c4bac4ae11ddbf0,QUEUED
1786099576,98f832f0d4cc491ea0a5fbbf57e9b65a,PROCESSING
1786099576,05da24cd5d8a40c1a6616132ffecc93c,QUEUED
1786099576,7a830c0554e04e7aa496bd3b057477fc,QUEUED
1786099576,7a64d9b695294b4ca229bcb0c87f66ba,QUEUED
1786099579,98d7593db7b54e4c93a8ab1e58299789,QUEUED
1786099579,d57df1cc41f64a948c4bac4ae11ddbf0,QUEUED
1786099579,98f832f0d4cc491ea0a5fbbf57e9b65a,PROCESSING
1786099579,05da24cd5d8a40c1a6616132ffecc93c,QUEUED
1786099579,7a830c0554e04e7aa496bd3b057477fc,QUEUED
1786099579,7a64d9b695294b4ca229bcb0c87f66ba,QUEUED
1786099581,98d7593db7b54e4c93a8ab1e58299789,QUEUED
1786099581,d57df1cc41f64a948c4bac4ae11ddbf0,QUEUED
1786099581,98f832f0d4cc491ea0a5fbbf57e9b65a,PROCESSING
1786099581,05da24cd5d8a40c1a6616132ffecc93c,QUEUED
1786099581,7a830c0554e04e7aa496bd3b057477fc,QUEUED
1786099581,7a64d9b695294b4ca229bcb0c87f66ba,QUEUED
1786099583,98d7593db7b54e4c93a8ab1e58299789,QUEUED
1786099583,d57df1cc41f64a948c4bac4ae11ddbf0,QUEUED
1786099583,98f832f0d4cc491ea0a5fbbf57e9b65a,PROCESSING
1786099583,05da24cd5d8a40c1a6616132ffecc93c,QUEUED
1786099583,7a830c0554e04e7aa496bd3b057477fc,QUEUED
1786099583,7a64d9b695294b4ca229bcb0c87f66ba,QUEUED
1786099586,98d7593db7b54e4c93a8ab1e58299789,QUEUED
1786099586,d57df1cc41f64a948c4bac4ae11ddbf0,QUEUED
1786099586,98f832f0d4cc491ea0a5fbbf57e9b65a,PROCESSING
1786099586,05da24cd5d8a40c1a6616132ffecc93c,QUEUED
1786099586,7a830c0554e04e7aa496bd3b057477fc,QUEUED
1786099586,7a64d9b695294b4ca229bcb0c87f66ba,QUEUED
1786099588,98d7593db7b54e4c93a8ab1e58299789,QUEUED
1786099588,d57df1cc41f64a948c4bac4ae11ddbf0,QUEUED
1786099588,98f832f0d4cc491ea0a5fbbf57e9b65a,PROCESSING
1786099588,05da24cd5d8a40c1a6616132ffecc93c,QUEUED
1786099588,7a830c0554e04e7aa496bd3b057477fc,QUEUED
1786099588,7a64d9b695294b4ca229bcb0c87f66ba,QUEUED
1786099591,98d7593db7b54e4c93a8ab1e58299789,QUEUED
1786099591,d57df1cc41f64a948c4bac4ae11ddbf0,QUEUED
1786099591,98f832f0d4cc491ea0a5fbbf57e9b65a,PROCESSING
1786099591,05da24cd5d8a40c1a6616132ffecc93c,QUEUED
1786099591,7a830c0554e04e7aa496bd3b057477fc,QUEUED
1786099591,7a64d9b695294b4ca229bcb0c87f66ba,QUEUED
1786099594,98d7593db7b54e4c93a8ab1e58299789,QUEUED
1786099594,d57df1cc41f64a948c4bac4ae11ddbf0,QUEUED
1786099594,98f832f0d4cc491ea0a5fbbf57e9b65a,PROCESSING
1786099594,05da24cd5d8a40c1a6616132ffecc93c,QUEUED
1786099594,7a830c0554e04e7aa496bd3b057477fc,QUEUED
1786099594,7a64d9b695294b4ca229bcb0c87f66ba,QUEUED
1786099596,98d7593db7b54e4c93a8ab1e58299789,QUEUED
1786099596,d57df1cc41f64a948c4bac4ae11ddbf0,QUEUED
1786099596,98f832f0d4cc491ea0a5fbbf57e9b65a,PROCESSING
1786099596,05da24cd5d8a40c1a6616132ffecc93c,QUEUED
1786099596,7a830c0554e04e7aa496bd3b057477fc,QUEUED
1786099596,7a64d9b695294b4ca229bcb0c87f66ba,QUEUED
1786099599,98d7593db7b54e4c93a8ab1e58299789,QUEUED
1786099599,d57df1cc41f64a948c4bac4ae11ddbf0,QUEUED
1786099599,98f832f0d4cc491ea0a5fbbf57e9b65a,PROCESSING
1786099599,05da24cd5d8a40c1a6616132ffecc93c,QUEUED
1786099599,7a830c0554e04e7aa496bd3b057477fc,QUEUED
1786099599,7a64d9b695294b4ca229bcb0c87f66ba,QUEUED
1786099602,98d7593db7b54e4c93a8ab1e58299789,QUEUED
1786099602,d57df1cc41f64a948c4bac4ae11ddbf0,QUEUED
1786099602,98f832f0d4cc491ea0a5fbbf57e9b65a,PROCESSING
1786099602,05da24cd5d8a40c1a6616132ffecc93c,QUEUED
1786099602,7a830c0554e04e7aa496bd3b057477fc,QUEUED
1786099602,7a64d9b695294b4ca229bcb0c87f66ba,QUEUED
1786099604,98d7593db7b54e4c93a8ab1e58299789,QUEUED
1786099604,d57df1cc41f64a948c4bac4ae11ddbf0,QUEUED
1786099604,98f832f0d4cc491ea0a5fbbf57e9b65a,PROCESSING
1786099604,05da24cd5d8a40c1a6616132ffecc93c,QUEUED
1786099604,7a830c0554e04e7aa496bd3b057477fc,QUEUED
1786099604,7a64d9b695294b4ca229bcb0c87f66ba,QUEUED
1786099607,98d7593db7b54e4c93a8ab1e58299789,QUEUED
1786099607,d57df1cc41f64a948c4bac4ae11ddbf0,QUEUED
1786099607,98f832f0d4cc491ea0a5fbbf57e9b65a,PROCESSING
1786099607,05da24cd5d8a40c1a6616132ffecc93c,QUEUED
1786099607,7a830c0554e04e7aa496bd3b057477fc,QUEUED
1786099607,7a64d9b695294b4ca229bcb0c87f66ba,QUEUED
1786099609,98d7593db7b54e4c93a8ab1e58299789,QUEUED
1786099609,d57df1cc41f64a948c4bac4ae11ddbf0,QUEUED
1786099609,98f832f0d4cc491ea0a5fbbf57e9b65a,PROCESSING
1786099609,05da24cd5d8a40c1a6616132ffecc93c,QUEUED
1786099609,7a830c0554e04e7aa496bd3b057477fc,QUEUED
1786099609,7a64d9b695294b4ca229bcb0c87f66ba,QUEUED
1786099612,98d7593db7b54e4c93a8ab1e58299789,QUEUED
1786099612,d57df1cc41f64a948c4bac4ae11ddbf0,QUEUED
1786099612,98f832f0d4cc491ea0a5fbbf57e9b65a,PROCESSING
1786099612,05da24cd5d8a40c1a6616132ffecc93c,QUEUED
1786099612,7a830c0554e04e7aa496bd3b057477fc,QUEUED
1786099612,7a64d9b695294b4ca229bcb0c87f66ba,QUEUED
1786099614,98d7593db7b54e4c93a8ab1e58299789,QUEUED
1786099614,d57df1cc41f64a948c4bac4ae11ddbf0,QUEUED
1786099614,98f832f0d4cc491ea0a5fbbf57e9b65a,PROCESSING
1786099614,05da24cd5d8a40c1a6616132ffecc93c,QUEUED
1786099614,7a830c0554e04e7aa496bd3b057477fc,QUEUED
1786099614,7a64d9b695294b4ca229bcb0c87f66ba,QUEUED
1786099617,98d7593db7b54e4c93a8ab1e58299789,QUEUED
1786099617,d57df1cc41f64a948c4bac4ae11ddbf0,QUEUED
1786099617,98f832f0d4cc491ea0a5fbbf57e9b65a,PROCESSING
1786099617,05da24cd5d8a40c1a6616132ffecc93c,QUEUED
1786099617,7a830c0554e04e7aa496bd3b057477fc,QUEUED
1786099617,7a64d9b695294b4ca229bcb0c87f66ba,QUEUED
1786099620,98d7593db7b54e4c93a8ab1e58299789,QUEUED
1786099620,d57df1cc41f64a948c4bac4ae11ddbf0,QUEUED
1786099620,98f832f0d4cc491ea0a5fbbf57e9b65a,PROCESSING
1786099620,05da24cd5d8a40c1a6616132ffecc93c,QUEUED
1786099620,7a830c0554e04e7aa496bd3b057477fc,QUEUED
1786099620,7a64d9b695294b4ca229bcb0c87f66ba,QUEUED
1786099622,98d7593db7b54e4c93a8ab1e58299789,PROCESSING
1786099622,d57df1cc41f64a948c4bac4ae11ddbf0,QUEUED
1786099622,98f832f0d4cc491ea0a5fbbf57e9b65a,DONE
1786099622,05da24cd5d8a40c1a6616132ffecc93c,QUEUED
1786099622,7a830c0554e04e7aa496bd3b057477fc,QUEUED
1786099622,7a64d9b695294b4ca229bcb0c87f66ba,QUEUED
1786099625,98d7593db7b54e4c93a8ab1e58299789,PROCESSING
1786099625,d57df1cc41f64a948c4bac4ae11ddbf0,QUEUED
1786099625,05da24cd5d8a40c1a6616132ffecc93c,QUEUED
1786099625,7a830c0554e04e7aa496bd3b057477fc,QUEUED
1786099625,7a64d9b695294b4ca229bcb0c87f66ba,QUEUED
1786099627,98d7593db7b54e4c93a8ab1e58299789,PROCESSING
1786099627,d57df1cc41f64a948c4bac4ae11ddbf0,QUEUED
1786099627,05da24cd5d8a40c1a6616132ffecc93c,QUEUED
1786099627,7a830c0554e04e7aa496bd3b057477fc,QUEUED
1786099627,7a64d9b695294b4ca229bcb0c87f66ba,QUEUED
1786099630,98d7593db7b54e4c93a8ab1e58299789,PROCESSING
1786099630,d57df1cc41f64a948c4bac4ae11ddbf0,QUEUED
1786099630,05da24cd5d8a40c1a6616132ffecc93c,QUEUED
1786099630,7a830c0554e04e7aa496bd3b057477fc,QUEUED
1786099630,7a64d9b695294b4ca229bcb0c87f66ba,QUEUED
1786099632,98d7593db7b54e4c93a8ab1e58299789,PROCESSING
1786099632,d57df1cc41f64a948c4bac4ae11ddbf0,QUEUED
1786099632,05da24cd5d8a40c1a6616132ffecc93c,QUEUED
1786099632,7a830c0554e04e7aa496bd3b057477fc,QUEUED
1786099632,7a64d9b695294b4ca229bcb0c87f66ba,QUEUED
1786099635,98d7593db7b54e4c93a8ab1e58299789,PROCESSING
1786099635,d57df1cc41f64a948c4bac4ae11ddbf0,QUEUED
1786099635,05da24cd5d8a40c1a6616132ffecc93c,QUEUED
1786099635,7a830c0554e04e7aa496bd3b057477fc,QUEUED
1786099635,7a64d9b695294b4ca229bcb0c87f66ba,QUEUED
1786099637,98d7593db7b54e4c93a8ab1e58299789,PROCESSING
1786099637,d57df1cc41f64a948c4bac4ae11ddbf0,QUEUED
1786099637,05da24cd5d8a40c1a6616132ffecc93c,QUEUED
1786099637,7a830c0554e04e7aa496bd3b057477fc,QUEUED
1786099637,7a64d9b695294b4ca229bcb0c87f66ba,QUEUED
1786099640,98d7593db7b54e4c93a8ab1e58299789,PROCESSING
1786099640,d57df1cc41f64a948c4bac4ae11ddbf0,QUEUED
1786099640,05da24cd5d8a40c1a6616132ffecc93c,QUEUED
1786099640,7a830c0554e04e7aa496bd3b057477fc,QUEUED
1786099640,7a64d9b695294b4ca229bcb0c87f66ba,QUEUED
1786099642,98d7593db7b54e4c93a8ab1e58299789,PROCESSING
1786099642,d57df1cc41f64a948c4bac4ae11ddbf0,QUEUED
1786099642,05da24cd5d8a40c1a6616132ffecc93c,QUEUED
1786099642,7a830c0554e04e7aa496bd3b057477fc,QUEUED
1786099642,7a64d9b695294b4ca229bcb0c87f66ba,QUEUED
1786099645,98d7593db7b54e4c93a8ab1e58299789,PROCESSING
1786099645,d57df1cc41f64a948c4bac4ae11ddbf0,QUEUED
1786099645,05da24cd5d8a40c1a6616132ffecc93c,QUEUED
1786099645,7a830c0554e04e7aa496bd3b057477fc,QUEUED
1786099645,7a64d9b695294b4ca229bcb0c87f66ba,QUEUED
1786099647,98d7593db7b54e4c93a8ab1e58299789,PROCESSING
1786099647,d57df1cc41f64a948c4bac4ae11ddbf0,QUEUED
1786099647,05da24cd5d8a40c1a6616132ffecc93c,QUEUED
1786099647,7a830c0554e04e7aa496bd3b057477fc,QUEUED
1786099647,7a64d9b695294b4ca229bcb0c87f66ba,QUEUED
1786099649,98d7593db7b54e4c93a8ab1e58299789,PROCESSING
1786099649,d57df1cc41f64a948c4bac4ae11ddbf0,QUEUED
1786099649,05da24cd5d8a40c1a6616132ffecc93c,QUEUED
1786099649,7a830c0554e04e7aa496bd3b057477fc,QUEUED
1786099649,7a64d9b695294b4ca229bcb0c87f66ba,QUEUED
1786099652,98d7593db7b54e4c93a8ab1e58299789,PROCESSING
1786099652,d57df1cc41f64a948c4bac4ae11ddbf0,QUEUED
1786099652,05da24cd5d8a40c1a6616132ffecc93c,QUEUED
1786099652,7a830c0554e04e7aa496bd3b057477fc,QUEUED
1786099652,7a64d9b695294b4ca229bcb0c87f66ba,QUEUED
1786099654,98d7593db7b54e4c93a8ab1e58299789,PROCESSING
1786099654,d57df1cc41f64a948c4bac4ae11ddbf0,QUEUED
1786099654,05da24cd5d8a40c1a6616132ffecc93c,QUEUED
1786099654,7a830c0554e04e7aa496bd3b057477fc,QUEUED
1786099654,7a64d9b695294b4ca229bcb0c87f66ba,QUEUED
1786099656,98d7593db7b54e4c93a8ab1e58299789,PROCESSING
1786099656,d57df1cc41f64a948c4bac4ae11ddbf0,QUEUED
1786099656,05da24cd5d8a40c1a6616132ffecc93c,QUEUED
1786099656,7a830c0554e04e7aa496bd3b057477fc,QUEUED
1786099656,7a64d9b695294b4ca229bcb0c87f66ba,QUEUED
1786099659,98d7593db7b54e4c93a8ab1e58299789,PROCESSING
1786099659,d57df1cc41f64a948c4bac4ae11ddbf0,QUEUED
1786099659,05da24cd5d8a40c1a6616132ffecc93c,QUEUED
1786099659,7a830c0554e04e7aa496bd3b057477fc,QUEUED
1786099659,7a64d9b695294b4ca229bcb0c87f66ba,QUEUED
1786099661,98d7593db7b54e4c93a8ab1e58299789,PROCESSING
1786099661,d57df1cc41f64a948c4bac4ae11ddbf0,QUEUED
1786099661,05da24cd5d8a40c1a6616132ffecc93c,QUEUED
1786099661,7a830c0554e04e7aa496bd3b057477fc,QUEUED
1786099661,7a64d9b695294b4ca229bcb0c87f66ba,QUEUED
1786099663,98d7593db7b54e4c93a8ab1e58299789,PROCESSING
1786099663,d57df1cc41f64a948c4bac4ae11ddbf0,QUEUED
1786099663,05da24cd5d8a40c1a6616132ffecc93c,QUEUED
1786099663,7a830c0554e04e7aa496bd3b057477fc,QUEUED
1786099663,7a64d9b695294b4ca229bcb0c87f66ba,QUEUED
1786099666,98d7593db7b54e4c93a8ab1e58299789,PROCESSING
1786099666,d57df1cc41f64a948c4bac4ae11ddbf0,QUEUED
1786099666,05da24cd5d8a40c1a6616132ffecc93c,QUEUED
1786099666,7a830c0554e04e7aa496bd3b057477fc,QUEUED
1786099666,7a64d9b695294b4ca229bcb0c87f66ba,QUEUED
1786099668,98d7593db7b54e4c93a8ab1e58299789,PROCESSING
1786099668,d57df1cc41f64a948c4bac4ae11ddbf0,QUEUED
1786099668,05da24cd5d8a40c1a6616132ffecc93c,QUEUED
1786099668,7a830c0554e04e7aa496bd3b057477fc,QUEUED
1786099668,7a64d9b695294b4ca229bcb0c87f66ba,QUEUED
1786099671,98d7593db7b54e4c93a8ab1e58299789,PROCESSING
1786099671,d57df1cc41f64a948c4bac4ae11ddbf0,QUEUED
1786099671,05da24cd5d8a40c1a6616132ffecc93c,QUEUED
1786099671,7a830c0554e04e7aa496bd3b057477fc,QUEUED
1786099671,7a64d9b695294b4ca229bcb0c87f66ba,QUEUED
1786099673,98d7593db7b54e4c93a8ab1e58299789,PROCESSING
1786099673,d57df1cc41f64a948c4bac4ae11ddbf0,QUEUED
1786099673,05da24cd5d8a40c1a6616132ffecc93c,QUEUED
1786099673,7a830c0554e04e7aa496bd3b057477fc,QUEUED
1786099673,7a64d9b695294b4ca229bcb0c87f66ba,QUEUED
1786099675,98d7593db7b54e4c93a8ab1e58299789,PROCESSING
1786099675,d57df1cc41f64a948c4bac4ae11ddbf0,QUEUED
1786099675,05da24cd5d8a40c1a6616132ffecc93c,QUEUED
1786099675,7a830c0554e04e7aa496bd3b057477fc,QUEUED
1786099675,7a64d9b695294b4ca229bcb0c87f66ba,QUEUED
1786099678,98d7593db7b54e4c93a8ab1e58299789,PROCESSING
1786099678,d57df1cc41f64a948c4bac4ae11ddbf0,QUEUED
1786099678,05da24cd5d8a40c1a6616132ffecc93c,QUEUED
1786099678,7a830c0554e04e7aa496bd3b057477fc,QUEUED
1786099678,7a64d9b695294b4ca229bcb0c87f66ba,QUEUED
1786099680,98d7593db7b54e4c93a8ab1e58299789,PROCESSING
1786099680,d57df1cc41f64a948c4bac4ae11ddbf0,QUEUED
1786099680,05da24cd5d8a40c1a6616132ffecc93c,QUEUED
1786099680,7a830c0554e04e7aa496bd3b057477fc,QUEUED
1786099680,7a64d9b695294b4ca229bcb0c87f66ba,QUEUED
1786099682,98d7593db7b54e4c93a8ab1e58299789,PROCESSING
1786099682,d57df1cc41f64a948c4bac4ae11ddbf0,QUEUED
1786099682,05da24cd5d8a40c1a6616132ffecc93c,QUEUED
1786099682,7a830c0554e04e7aa496bd3b057477fc,QUEUED
1786099682,7a64d9b695294b4ca229bcb0c87f66ba,QUEUED
1786099685,98d7593db7b54e4c93a8ab1e58299789,PROCESSING
1786099685,d57df1cc41f64a948c4bac4ae11ddbf0,QUEUED
1786099685,05da24cd5d8a40c1a6616132ffecc93c,QUEUED
1786099685,7a830c0554e04e7aa496bd3b057477fc,QUEUED
1786099685,7a64d9b695294b4ca229bcb0c87f66ba,QUEUED
1786099687,98d7593db7b54e4c93a8ab1e58299789,PROCESSING
1786099687,d57df1cc41f64a948c4bac4ae11ddbf0,QUEUED
1786099687,05da24cd5d8a40c1a6616132ffecc93c,QUEUED
1786099687,7a830c0554e04e7aa496bd3b057477fc,QUEUED
1786099687,7a64d9b695294b4ca229bcb0c87f66ba,QUEUED
1786099689,98d7593db7b54e4c93a8ab1e58299789,PROCESSING
1786099689,d57df1cc41f64a948c4bac4ae11ddbf0,QUEUED
1786099689,05da24cd5d8a40c1a6616132ffecc93c,QUEUED
1786099689,7a830c0554e04e7aa496bd3b057477fc,QUEUED
1786099689,7a64d9b695294b4ca229bcb0c87f66ba,QUEUED
1786099692,98d7593db7b54e4c93a8ab1e58299789,PROCESSING
1786099692,d57df1cc41f64a948c4bac4ae11ddbf0,QUEUED
1786099692,05da24cd5d8a40c1a6616132ffecc93c,QUEUED
1786099692,7a830c0554e04e7aa496bd3b057477fc,QUEUED
1786099692,7a64d9b695294b4ca229bcb0c87f66ba,QUEUED
1786099694,98d7593db7b54e4c93a8ab1e58299789,PROCESSING
1786099694,d57df1cc41f64a948c4bac4ae11ddbf0,QUEUED
1786099694,05da24cd5d8a40c1a6616132ffecc93c,QUEUED
1786099694,7a830c0554e04e7aa496bd3b057477fc,QUEUED
1786099694,7a64d9b695294b4ca229bcb0c87f66ba,QUEUED
1786099696,98d7593db7b54e4c93a8ab1e58299789,PROCESSING
1786099696,d57df1cc41f64a948c4bac4ae11ddbf0,QUEUED
1786099696,05da24cd5d8a40c1a6616132ffecc93c,QUEUED
1786099696,7a830c0554e04e7aa496bd3b057477fc,QUEUED
1786099696,7a64d9b695294b4ca229bcb0c87f66ba,QUEUED
1786099699,98d7593db7b54e4c93a8ab1e58299789,PROCESSING
1786099699,d57df1cc41f64a948c4bac4ae11ddbf0,QUEUED
1786099699,05da24cd5d8a40c1a6616132ffecc93c,QUEUED
1786099699,7a830c0554e04e7aa496bd3b057477fc,QUEUED
1786099699,7a64d9b695294b4ca229bcb0c87f66ba,QUEUED
1786099701,98d7593db7b54e4c93a8ab1e58299789,PROCESSING
1786099701,d57df1cc41f64a948c4bac4ae11ddbf0,QUEUED
1786099701,05da24cd5d8a40c1a6616132ffecc93c,QUEUED
1786099701,7a830c0554e04e7aa496bd3b057477fc,QUEUED
1786099701,7a64d9b695294b4ca229bcb0c87f66ba,QUEUED
1786099703,98d7593db7b54e4c93a8ab1e58299789,PROCESSING
1786099703,d57df1cc41f64a948c4bac4ae11ddbf0,QUEUED
1786099703,05da24cd5d8a40c1a6616132ffecc93c,QUEUED
1786099703,7a830c0554e04e7aa496bd3b057477fc,QUEUED
1786099703,7a64d9b695294b4ca229bcb0c87f66ba,QUEUED
1786099706,98d7593db7b54e4c93a8ab1e58299789,PROCESSING
1786099706,d57df1cc41f64a948c4bac4ae11ddbf0,QUEUED
1786099706,05da24cd5d8a40c1a6616132ffecc93c,QUEUED
1786099706,7a830c0554e04e7aa496bd3b057477fc,QUEUED
1786099706,7a64d9b695294b4ca229bcb0c87f66ba,QUEUED
1786099708,98d7593db7b54e4c93a8ab1e58299789,PROCESSING
1786099708,d57df1cc41f64a948c4bac4ae11ddbf0,QUEUED
1786099708,05da24cd5d8a40c1a6616132ffecc93c,QUEUED
1786099708,7a830c0554e04e7aa496bd3b057477fc,QUEUED
1786099708,7a64d9b695294b4ca229bcb0c87f66ba,QUEUED
1786099710,98d7593db7b54e4c93a8ab1e58299789,PROCESSING
1786099710,d57df1cc41f64a948c4bac4ae11ddbf0,QUEUED
1786099710,05da24cd5d8a40c1a6616132ffecc93c,QUEUED
1786099710,7a830c0554e04e7aa496bd3b057477fc,QUEUED
1786099710,7a64d9b695294b4ca229bcb0c87f66ba,QUEUED
1786099713,98d7593db7b54e4c93a8ab1e58299789,PROCESSING
1786099713,d57df1cc41f64a948c4bac4ae11ddbf0,QUEUED
1786099713,05da24cd5d8a40c1a6616132ffecc93c,QUEUED
1786099713,7a830c0554e04e7aa496bd3b057477fc,QUEUED
1786099713,7a64d9b695294b4ca229bcb0c87f66ba,QUEUED
1786099715,98d7593db7b54e4c93a8ab1e58299789,PROCESSING
1786099715,d57df1cc41f64a948c4bac4ae11ddbf0,QUEUED
1786099715,05da24cd5d8a40c1a6616132ffecc93c,QUEUED
1786099715,7a830c0554e04e7aa496bd3b057477fc,QUEUED
1786099715,7a64d9b695294b4ca229bcb0c87f66ba,QUEUED
1786099717,98d7593db7b54e4c93a8ab1e58299789,PROCESSING
1786099717,d57df1cc41f64a948c4bac4ae11ddbf0,QUEUED
1786099717,05da24cd5d8a40c1a6616132ffecc93c,QUEUED
1786099717,7a830c0554e04e7aa496bd3b057477fc,QUEUED
1786099717,7a64d9b695294b4ca229bcb0c87f66ba,QUEUED
1786099720,98d7593db7b54e4c93a8ab1e58299789,PROCESSING
1786099720,d57df1cc41f64a948c4bac4ae11ddbf0,QUEUED
1786099720,05da24cd5d8a40c1a6616132ffecc93c,QUEUED
1786099720,7a830c0554e04e7aa496bd3b057477fc,QUEUED
1786099720,7a64d9b695294b4ca229bcb0c87f66ba,QUEUED
1786099722,98d7593db7b54e4c93a8ab1e58299789,PROCESSING
1786099722,d57df1cc41f64a948c4bac4ae11ddbf0,QUEUED
1786099722,05da24cd5d8a40c1a6616132ffecc93c,QUEUED
1786099722,7a830c0554e04e7aa496bd3b057477fc,QUEUED
1786099722,7a64d9b695294b4ca229bcb0c87f66ba,QUEUED
1786099725,98d7593db7b54e4c93a8ab1e58299789,PROCESSING
1786099725,d57df1cc41f64a948c4bac4ae11ddbf0,QUEUED
1786099725,05da24cd5d8a40c1a6616132ffecc93c,QUEUED
1786099725,7a830c0554e04e7aa496bd3b057477fc,QUEUED
1786099725,7a64d9b695294b4ca229bcb0c87f66ba,QUEUED
1786099727,98d7593db7b54e4c93a8ab1e58299789,PROCESSING
1786099727,d57df1cc41f64a948c4bac4ae11ddbf0,QUEUED
1786099727,05da24cd5d8a40c1a6616132ffecc93c,QUEUED
1786099727,7a830c0554e04e7aa496bd3b057477fc,QUEUED
1786099727,7a64d9b695294b4ca229bcb0c87f66ba,QUEUED
1786099729,98d7593db7b54e4c93a8ab1e58299789,PROCESSING
1786099729,d57df1cc41f64a948c4bac4ae11ddbf0,QUEUED
1786099729,05da24cd5d8a40c1a6616132ffecc93c,QUEUED
1786099729,7a830c0554e04e7aa496bd3b057477fc,QUEUED
1786099729,7a64d9b695294b4ca229bcb0c87f66ba,QUEUED
1786099732,98d7593db7b54e4c93a8ab1e58299789,PROCESSING
1786099732,d57df1cc41f64a948c4bac4ae11ddbf0,QUEUED
1786099732,05da24cd5d8a40c1a6616132ffecc93c,QUEUED
1786099732,7a830c0554e04e7aa496bd3b057477fc,QUEUED
1786099732,7a64d9b695294b4ca229bcb0c87f66ba,QUEUED
1786099734,98d7593db7b54e4c93a8ab1e58299789,PROCESSING
1786099734,d57df1cc41f64a948c4bac4ae11ddbf0,QUEUED
1786099734,05da24cd5d8a40c1a6616132ffecc93c,QUEUED
1786099734,7a830c0554e04e7aa496bd3b057477fc,QUEUED
1786099734,7a64d9b695294b4ca229bcb0c87f66ba,QUEUED
1786099736,98d7593db7b54e4c93a8ab1e58299789,PROCESSING
1786099736,d57df1cc41f64a948c4bac4ae11ddbf0,QUEUED
1786099736,05da24cd5d8a40c1a6616132ffecc93c,QUEUED
1786099736,7a830c0554e04e7aa496bd3b057477fc,QUEUED
1786099736,7a64d9b695294b4ca229bcb0c87f66ba,QUEUED
1786099739,98d7593db7b54e4c93a8ab1e58299789,PROCESSING
1786099739,d57df1cc41f64a948c4bac4ae11ddbf0,QUEUED
1786099739,05da24cd5d8a40c1a6616132ffecc93c,QUEUED
1786099739,7a830c0554e04e7aa496bd3b057477fc,QUEUED
1786099739,7a64d9b695294b4ca229bcb0c87f66ba,QUEUED
1786099741,98d7593db7b54e4c93a8ab1e58299789,PROCESSING
1786099741,d57df1cc41f64a948c4bac4ae11ddbf0,QUEUED
1786099741,05da24cd5d8a40c1a6616132ffecc93c,QUEUED
1786099741,7a830c0554e04e7aa496bd3b057477fc,QUEUED
1786099741,7a64d9b695294b4ca229bcb0c87f66ba,QUEUED
1786099743,98d7593db7b54e4c93a8ab1e58299789,PROCESSING
1786099743,d57df1cc41f64a948c4bac4ae11ddbf0,QUEUED
1786099743,05da24cd5d8a40c1a6616132ffecc93c,QUEUED
1786099743,7a830c0554e04e7aa496bd3b057477fc,QUEUED
1786099743,7a64d9b695294b4ca229bcb0c87f66ba,QUEUED
1786099746,98d7593db7b54e4c93a8ab1e58299789,PROCESSING
1786099746,d57df1cc41f64a948c4bac4ae11ddbf0,QUEUED
1786099746,05da24cd5d8a40c1a6616132ffecc93c,QUEUED
1786099746,7a830c0554e04e7aa496bd3b057477fc,QUEUED
1786099746,7a64d9b695294b4ca229bcb0c87f66ba,QUEUED
1786099748,98d7593db7b54e4c93a8ab1e58299789,PROCESSING
1786099748,d57df1cc41f64a948c4bac4ae11ddbf0,QUEUED
1786099748,05da24cd5d8a40c1a6616132ffecc93c,QUEUED
1786099748,7a830c0554e04e7aa496bd3b057477fc,QUEUED
1786099748,7a64d9b695294b4ca229bcb0c87f66ba,QUEUED
1786099750,98d7593db7b54e4c93a8ab1e58299789,PROCESSING
1786099750,d57df1cc41f64a948c4bac4ae11ddbf0,QUEUED
1786099750,05da24cd5d8a40c1a6616132ffecc93c,QUEUED
1786099750,7a830c0554e04e7aa496bd3b057477fc,QUEUED
1786099750,7a64d9b695294b4ca229bcb0c87f66ba,QUEUED
1786099753,98d7593db7b54e4c93a8ab1e58299789,PROCESSING
1786099753,d57df1cc41f64a948c4bac4ae11ddbf0,QUEUED
1786099753,05da24cd5d8a40c1a6616132ffecc93c,QUEUED
1786099753,7a830c0554e04e7aa496bd3b057477fc,QUEUED
1786099753,7a64d9b695294b4ca229bcb0c87f66ba,QUEUED
1786099755,98d7593db7b54e4c93a8ab1e58299789,PROCESSING
1786099755,d57df1cc41f64a948c4bac4ae11ddbf0,QUEUED
1786099755,05da24cd5d8a40c1a6616132ffecc93c,QUEUED
1786099755,7a830c0554e04e7aa496bd3b057477fc,QUEUED
1786099755,7a64d9b695294b4ca229bcb0c87f66ba,QUEUED
1786099758,98d7593db7b54e4c93a8ab1e58299789,PROCESSING
1786099758,d57df1cc41f64a948c4bac4ae11ddbf0,QUEUED
1786099758,05da24cd5d8a40c1a6616132ffecc93c,QUEUED
1786099758,7a830c0554e04e7aa496bd3b057477fc,QUEUED
1786099758,7a64d9b695294b4ca229bcb0c87f66ba,QUEUED
1786099760,98d7593db7b54e4c93a8ab1e58299789,PROCESSING
1786099760,d57df1cc41f64a948c4bac4ae11ddbf0,QUEUED
1786099760,05da24cd5d8a40c1a6616132ffecc93c,QUEUED
1786099760,7a830c0554e04e7aa496bd3b057477fc,QUEUED
1786099760,7a64d9b695294b4ca229bcb0c87f66ba,QUEUED
1786099762,98d7593db7b54e4c93a8ab1e58299789,PROCESSING
1786099762,d57df1cc41f64a948c4bac4ae11ddbf0,QUEUED
1786099762,05da24cd5d8a40c1a6616132ffecc93c,QUEUED
1786099762,7a830c0554e04e7aa496bd3b057477fc,QUEUED
1786099762,7a64d9b695294b4ca229bcb0c87f66ba,QUEUED
1786099765,98d7593db7b54e4c93a8ab1e58299789,PROCESSING
1786099765,d57df1cc41f64a948c4bac4ae11ddbf0,QUEUED
1786099765,05da24cd5d8a40c1a6616132ffecc93c,QUEUED
1786099765,7a830c0554e04e7aa496bd3b057477fc,QUEUED
1786099765,7a64d9b695294b4ca229bcb0c87f66ba,QUEUED
1786099767,98d7593db7b54e4c93a8ab1e58299789,PROCESSING
1786099767,d57df1cc41f64a948c4bac4ae11ddbf0,QUEUED
1786099767,05da24cd5d8a40c1a6616132ffecc93c,QUEUED
1786099767,7a830c0554e04e7aa496bd3b057477fc,QUEUED
1786099767,7a64d9b695294b4ca229bcb0c87f66ba,QUEUED
1786099769,98d7593db7b54e4c93a8ab1e58299789,PROCESSING
1786099769,d57df1cc41f64a948c4bac4ae11ddbf0,QUEUED
1786099769,05da24cd5d8a40c1a6616132ffecc93c,QUEUED
1786099769,7a830c0554e04e7aa496bd3b057477fc,QUEUED
1786099769,7a64d9b695294b4ca229bcb0c87f66ba,QUEUED
1786099772,98d7593db7b54e4c93a8ab1e58299789,PROCESSING
1786099772,d57df1cc41f64a948c4bac4ae11ddbf0,QUEUED
1786099772,05da24cd5d8a40c1a6616132ffecc93c,QUEUED
1786099772,7a830c0554e04e7aa496bd3b057477fc,QUEUED
1786099772,7a64d9b695294b4ca229bcb0c87f66ba,QUEUED
1786099774,98d7593db7b54e4c93a8ab1e58299789,PROCESSING
1786099774,d57df1cc41f64a948c4bac4ae11ddbf0,QUEUED
1786099774,05da24cd5d8a40c1a6616132ffecc93c,QUEUED
1786099774,7a830c0554e04e7aa496bd3b057477fc,QUEUED
1786099774,7a64d9b695294b4ca229bcb0c87f66ba,QUEUED
1786099776,98d7593db7b54e4c93a8ab1e58299789,PROCESSING
1786099776,d57df1cc41f64a948c4bac4ae11ddbf0,QUEUED
1786099776,05da24cd5d8a40c1a6616132ffecc93c,QUEUED
1786099776,7a830c0554e04e7aa496bd3b057477fc,QUEUED
1786099776,7a64d9b695294b4ca229bcb0c87f66ba,QUEUED
1786099779,98d7593db7b54e4c93a8ab1e58299789,PROCESSING
1786099779,d57df1cc41f64a948c4bac4ae11ddbf0,QUEUED
1786099779,05da24cd5d8a40c1a6616132ffecc93c,QUEUED
1786099779,7a830c0554e04e7aa496bd3b057477fc,QUEUED
1786099779,7a64d9b695294b4ca229bcb0c87f66ba,QUEUED
1786099781,98d7593db7b54e4c93a8ab1e58299789,PROCESSING
1786099781,d57df1cc41f64a948c4bac4ae11ddbf0,QUEUED
1786099781,05da24cd5d8a40c1a6616132ffecc93c,QUEUED
1786099781,7a830c0554e04e7aa496bd3b057477fc,QUEUED
1786099781,7a64d9b695294b4ca229bcb0c87f66ba,QUEUED
1786099783,98d7593db7b54e4c93a8ab1e58299789,PROCESSING
1786099783,d57df1cc41f64a948c4bac4ae11ddbf0,QUEUED
1786099783,05da24cd5d8a40c1a6616132ffecc93c,QUEUED
1786099783,7a830c0554e04e7aa496bd3b057477fc,QUEUED
1786099783,7a64d9b695294b4ca229bcb0c87f66ba,QUEUED
1786099786,98d7593db7b54e4c93a8ab1e58299789,PROCESSING
1786099786,d57df1cc41f64a948c4bac4ae11ddbf0,QUEUED
1786099786,05da24cd5d8a40c1a6616132ffecc93c,QUEUED
1786099786,7a830c0554e04e7aa496bd3b057477fc,QUEUED
1786099786,7a64d9b695294b4ca229bcb0c87f66ba,QUEUED
1786099788,98d7593db7b54e4c93a8ab1e58299789,PROCESSING
1786099788,d57df1cc41f64a948c4bac4ae11ddbf0,QUEUED
1786099788,05da24cd5d8a40c1a6616132ffecc93c,QUEUED
1786099788,7a830c0554e04e7aa496bd3b057477fc,QUEUED
1786099788,7a64d9b695294b4ca229bcb0c87f66ba,QUEUED
1786099790,98d7593db7b54e4c93a8ab1e58299789,PROCESSING
1786099790,d57df1cc41f64a948c4bac4ae11ddbf0,QUEUED
1786099790,05da24cd5d8a40c1a6616132ffecc93c,QUEUED
1786099790,7a830c0554e04e7aa496bd3b057477fc,QUEUED
1786099790,7a64d9b695294b4ca229bcb0c87f66ba,QUEUED
1786099793,98d7593db7b54e4c93a8ab1e58299789,PROCESSING
1786099793,d57df1cc41f64a948c4bac4ae11ddbf0,QUEUED
1786099793,05da24cd5d8a40c1a6616132ffecc93c,QUEUED
1786099793,7a830c0554e04e7aa496bd3b057477fc,QUEUED
1786099793,7a64d9b695294b4ca229bcb0c87f66ba,QUEUED
1786099795,98d7593db7b54e4c93a8ab1e58299789,PROCESSING
1786099795,d57df1cc41f64a948c4bac4ae11ddbf0,QUEUED
1786099795,05da24cd5d8a40c1a6616132ffecc93c,QUEUED
1786099795,7a830c0554e04e7aa496bd3b057477fc,QUEUED
1786099795,7a64d9b695294b4ca229bcb0c87f66ba,QUEUED
1786099797,98d7593db7b54e4c93a8ab1e58299789,PROCESSING
1786099797,d57df1cc41f64a948c4bac4ae11ddbf0,QUEUED
1786099797,05da24cd5d8a40c1a6616132ffecc93c,QUEUED
1786099797,7a830c0554e04e7aa496bd3b057477fc,QUEUED
1786099797,7a64d9b695294b4ca229bcb0c87f66ba,QUEUED
1786099800,98d7593db7b54e4c93a8ab1e58299789,PROCESSING
1786099800,d57df1cc41f64a948c4bac4ae11ddbf0,QUEUED
1786099800,05da24cd5d8a40c1a6616132ffecc93c,QUEUED
1786099800,7a830c0554e04e7aa496bd3b057477fc,QUEUED
1786099800,7a64d9b695294b4ca229bcb0c87f66ba,QUEUED
1786099802,98d7593db7b54e4c93a8ab1e58299789,PROCESSING
1786099802,d57df1cc41f64a948c4bac4ae11ddbf0,QUEUED
1786099802,05da24cd5d8a40c1a6616132ffecc93c,QUEUED
1786099802,7a830c0554e04e7aa496bd3b057477fc,QUEUED
1786099802,7a64d9b695294b4ca229bcb0c87f66ba,QUEUED
1786099805,98d7593db7b54e4c93a8ab1e58299789,PROCESSING
1786099805,d57df1cc41f64a948c4bac4ae11ddbf0,QUEUED
1786099805,05da24cd5d8a40c1a6616132ffecc93c,QUEUED
1786099805,7a830c0554e04e7aa496bd3b057477fc,QUEUED
1786099805,7a64d9b695294b4ca229bcb0c87f66ba,QUEUED
1786099807,98d7593db7b54e4c93a8ab1e58299789,PROCESSING
1786099807,d57df1cc41f64a948c4bac4ae11ddbf0,QUEUED
1786099807,05da24cd5d8a40c1a6616132ffecc93c,QUEUED
1786099807,7a830c0554e04e7aa496bd3b057477fc,QUEUED
1786099807,7a64d9b695294b4ca229bcb0c87f66ba,QUEUED
1786099809,98d7593db7b54e4c93a8ab1e58299789,PROCESSING
1786099809,d57df1cc41f64a948c4bac4ae11ddbf0,QUEUED
1786099809,05da24cd5d8a40c1a6616132ffecc93c,QUEUED
1786099809,7a830c0554e04e7aa496bd3b057477fc,QUEUED
1786099809,7a64d9b695294b4ca229bcb0c87f66ba,QUEUED
1786099812,98d7593db7b54e4c93a8ab1e58299789,PROCESSING
1786099812,d57df1cc41f64a948c4bac4ae11ddbf0,QUEUED
1786099812,05da24cd5d8a40c1a6616132ffecc93c,QUEUED
1786099812,7a830c0554e04e7aa496bd3b057477fc,QUEUED
1786099812,7a64d9b695294b4ca229bcb0c87f66ba,QUEUED
1786099814,98d7593db7b54e4c93a8ab1e58299789,PROCESSING
1786099814,d57df1cc41f64a948c4bac4ae11ddbf0,QUEUED
1786099814,05da24cd5d8a40c1a6616132ffecc93c,QUEUED
1786099814,7a830c0554e04e7aa496bd3b057477fc,QUEUED
1786099814,7a64d9b695294b4ca229bcb0c87f66ba,QUEUED
1786099816,98d7593db7b54e4c93a8ab1e58299789,PROCESSING
1786099816,d57df1cc41f64a948c4bac4ae11ddbf0,QUEUED
1786099816,05da24cd5d8a40c1a6616132ffecc93c,QUEUED
1786099816,7a830c0554e04e7aa496bd3b057477fc,QUEUED
1786099816,7a64d9b695294b4ca229bcb0c87f66ba,QUEUED
1786099819,98d7593db7b54e4c93a8ab1e58299789,PROCESSING
1786099819,d57df1cc41f64a948c4bac4ae11ddbf0,QUEUED
1786099819,05da24cd5d8a40c1a6616132ffecc93c,QUEUED
1786099819,7a830c0554e04e7aa496bd3b057477fc,QUEUED
1786099819,7a64d9b695294b4ca229bcb0c87f66ba,QUEUED
1786099821,98d7593db7b54e4c93a8ab1e58299789,PROCESSING
1786099821,d57df1cc41f64a948c4bac4ae11ddbf0,QUEUED
1786099821,05da24cd5d8a40c1a6616132ffecc93c,QUEUED
1786099821,7a830c0554e04e7aa496bd3b057477fc,QUEUED
1786099821,7a64d9b695294b4ca229bcb0c87f66ba,QUEUED
1786099823,98d7593db7b54e4c93a8ab1e58299789,PROCESSING
1786099823,d57df1cc41f64a948c4bac4ae11ddbf0,QUEUED
1786099823,05da24cd5d8a40c1a6616132ffecc93c,QUEUED
1786099823,7a830c0554e04e7aa496bd3b057477fc,QUEUED
1786099823,7a64d9b695294b4ca229bcb0c87f66ba,QUEUED
1786099826,98d7593db7b54e4c93a8ab1e58299789,PROCESSING
1786099826,d57df1cc41f64a948c4bac4ae11ddbf0,QUEUED
1786099826,05da24cd5d8a40c1a6616132ffecc93c,QUEUED
1786099826,7a830c0554e04e7aa496bd3b057477fc,QUEUED
1786099826,7a64d9b695294b4ca229bcb0c87f66ba,QUEUED
1786099828,98d7593db7b54e4c93a8ab1e58299789,PROCESSING
1786099828,d57df1cc41f64a948c4bac4ae11ddbf0,QUEUED
1786099828,05da24cd5d8a40c1a6616132ffecc93c,QUEUED
1786099828,7a830c0554e04e7aa496bd3b057477fc,QUEUED
1786099828,7a64d9b695294b4ca229bcb0c87f66ba,QUEUED
1786099830,98d7593db7b54e4c93a8ab1e58299789,PROCESSING
1786099830,d57df1cc41f64a948c4bac4ae11ddbf0,QUEUED
1786099830,05da24cd5d8a40c1a6616132ffecc93c,QUEUED
1786099830,7a830c0554e04e7aa496bd3b057477fc,QUEUED
1786099830,7a64d9b695294b4ca229bcb0c87f66ba,QUEUED
1786099833,98d7593db7b54e4c93a8ab1e58299789,PROCESSING
1786099833,d57df1cc41f64a948c4bac4ae11ddbf0,QUEUED
1786099833,05da24cd5d8a40c1a6616132ffecc93c,QUEUED
1786099833,7a830c0554e04e7aa496bd3b057477fc,QUEUED
1786099833,7a64d9b695294b4ca229bcb0c87f66ba,QUEUED
1786099835,98d7593db7b54e4c93a8ab1e58299789,PROCESSING
1786099835,d57df1cc41f64a948c4bac4ae11ddbf0,QUEUED
1786099835,05da24cd5d8a40c1a6616132ffecc93c,QUEUED
1786099835,7a830c0554e04e7aa496bd3b057477fc,QUEUED
1786099835,7a64d9b695294b4ca229bcb0c87f66ba,QUEUED
1786099837,98d7593db7b54e4c93a8ab1e58299789,PROCESSING
1786099837,d57df1cc41f64a948c4bac4ae11ddbf0,QUEUED
1786099837,05da24cd5d8a40c1a6616132ffecc93c,QUEUED
1786099837,7a830c0554e04e7aa496bd3b057477fc,QUEUED
1786099837,7a64d9b695294b4ca229bcb0c87f66ba,QUEUED
1786099840,98d7593db7b54e4c93a8ab1e58299789,PROCESSING
1786099840,d57df1cc41f64a948c4bac4ae11ddbf0,QUEUED
1786099840,05da24cd5d8a40c1a6616132ffecc93c,QUEUED
1786099840,7a830c0554e04e7aa496bd3b057477fc,QUEUED
1786099840,7a64d9b695294b4ca229bcb0c87f66ba,QUEUED
1786099843,98d7593db7b54e4c93a8ab1e58299789,PROCESSING
1786099843,d57df1cc41f64a948c4bac4ae11ddbf0,QUEUED
1786099843,05da24cd5d8a40c1a6616132ffecc93c,QUEUED
1786099843,7a830c0554e04e7aa496bd3b057477fc,QUEUED
1786099843,7a64d9b695294b4ca229bcb0c87f66ba,QUEUED
1786099845,98d7593db7b54e4c93a8ab1e58299789,PROCESSING
1786099845,d57df1cc41f64a948c4bac4ae11ddbf0,QUEUED
1786099845,05da24cd5d8a40c1a6616132ffecc93c,QUEUED
1786099845,7a830c0554e04e7aa496bd3b057477fc,QUEUED
1786099845,7a64d9b695294b4ca229bcb0c87f66ba,QUEUED
1786099847,98d7593db7b54e4c93a8ab1e58299789,PROCESSING
1786099847,d57df1cc41f64a948c4bac4ae11ddbf0,QUEUED
1786099847,05da24cd5d8a40c1a6616132ffecc93c,QUEUED
1786099847,7a830c0554e04e7aa496bd3b057477fc,QUEUED
1786099847,7a64d9b695294b4ca229bcb0c87f66ba,QUEUED
1786099850,98d7593db7b54e4c93a8ab1e58299789,PROCESSING
1786099850,d57df1cc41f64a948c4bac4ae11ddbf0,QUEUED
1786099850,05da24cd5d8a40c1a6616132ffecc93c,QUEUED
1786099850,7a830c0554e04e7aa496bd3b057477fc,QUEUED
1786099850,7a64d9b695294b4ca229bcb0c87f66ba,QUEUED
1786099852,98d7593db7b54e4c93a8ab1e58299789,PROCESSING
1786099852,d57df1cc41f64a948c4bac4ae11ddbf0,QUEUED
1786099852,05da24cd5d8a40c1a6616132ffecc93c,QUEUED
1786099852,7a830c0554e04e7aa496bd3b057477fc,QUEUED
1786099852,7a64d9b695294b4ca229bcb0c87f66ba,QUEUED
1786099855,98d7593db7b54e4c93a8ab1e58299789,PROCESSING
1786099855,d57df1cc41f64a948c4bac4ae11ddbf0,QUEUED
1786099855,05da24cd5d8a40c1a6616132ffecc93c,QUEUED
1786099855,7a830c0554e04e7aa496bd3b057477fc,QUEUED
1786099855,7a64d9b695294b4ca229bcb0c87f66ba,QUEUED
1786099857,98d7593db7b54e4c93a8ab1e58299789,PROCESSING
1786099857,d57df1cc41f64a948c4bac4ae11ddbf0,QUEUED
1786099857,05da24cd5d8a40c1a6616132ffecc93c,QUEUED
1786099857,7a830c0554e04e7aa496bd3b057477fc,QUEUED
1786099857,7a64d9b695294b4ca229bcb0c87f66ba,QUEUED
1786099860,98d7593db7b54e4c93a8ab1e58299789,PROCESSING
1786099860,d57df1cc41f64a948c4bac4ae11ddbf0,QUEUED
1786099860,05da24cd5d8a40c1a6616132ffecc93c,QUEUED
1786099860,7a830c0554e04e7aa496bd3b057477fc,QUEUED
1786099860,7a64d9b695294b4ca229bcb0c87f66ba,QUEUED
1786099862,98d7593db7b54e4c93a8ab1e58299789,PROCESSING
1786099862,d57df1cc41f64a948c4bac4ae11ddbf0,QUEUED
1786099862,05da24cd5d8a40c1a6616132ffecc93c,QUEUED
1786099862,7a830c0554e04e7aa496bd3b057477fc,QUEUED
1786099862,7a64d9b695294b4ca229bcb0c87f66ba,QUEUED
1786099865,98d7593db7b54e4c93a8ab1e58299789,DONE
1786099865,d57df1cc41f64a948c4bac4ae11ddbf0,QUEUED
1786099865,05da24cd5d8a40c1a6616132ffecc93c,QUEUED
1786099865,7a830c0554e04e7aa496bd3b057477fc,PROCESSING
1786099865,7a64d9b695294b4ca229bcb0c87f66ba,QUEUED
1786099867,d57df1cc41f64a948c4bac4ae11ddbf0,QUEUED
1786099867,05da24cd5d8a40c1a6616132ffecc93c,QUEUED
1786099867,7a830c0554e04e7aa496bd3b057477fc,PROCESSING
1786099867,7a64d9b695294b4ca229bcb0c87f66ba,QUEUED
1786099870,d57df1cc41f64a948c4bac4ae11ddbf0,QUEUED
1786099870,05da24cd5d8a40c1a6616132ffecc93c,QUEUED
1786099870,7a830c0554e04e7aa496bd3b057477fc,PROCESSING
1786099870,7a64d9b695294b4ca229bcb0c87f66ba,QUEUED
1786099872,d57df1cc41f64a948c4bac4ae11ddbf0,QUEUED
1786099872,05da24cd5d8a40c1a6616132ffecc93c,QUEUED
1786099872,7a830c0554e04e7aa496bd3b057477fc,PROCESSING
1786099872,7a64d9b695294b4ca229bcb0c87f66ba,QUEUED
1786099874,d57df1cc41f64a948c4bac4ae11ddbf0,QUEUED
1786099874,05da24cd5d8a40c1a6616132ffecc93c,QUEUED
1786099874,7a830c0554e04e7aa496bd3b057477fc,PROCESSING
1786099874,7a64d9b695294b4ca229bcb0c87f66ba,QUEUED
1786099877,d57df1cc41f64a948c4bac4ae11ddbf0,QUEUED
1786099877,05da24cd5d8a40c1a6616132ffecc93c,QUEUED
1786099877,7a830c0554e04e7aa496bd3b057477fc,PROCESSING
1786099877,7a64d9b695294b4ca229bcb0c87f66ba,QUEUED
1786099879,d57df1cc41f64a948c4bac4ae11ddbf0,QUEUED
1786099879,05da24cd5d8a40c1a6616132ffecc93c,QUEUED
1786099879,7a830c0554e04e7aa496bd3b057477fc,PROCESSING
1786099879,7a64d9b695294b4ca229bcb0c87f66ba,QUEUED
1786099882,d57df1cc41f64a948c4bac4ae11ddbf0,QUEUED
1786099882,05da24cd5d8a40c1a6616132ffecc93c,QUEUED
1786099882,7a830c0554e04e7aa496bd3b057477fc,PROCESSING
1786099882,7a64d9b695294b4ca229bcb0c87f66ba,QUEUED
1786099884,d57df1cc41f64a948c4bac4ae11ddbf0,QUEUED
1786099884,05da24cd5d8a40c1a6616132ffecc93c,QUEUED
1786099884,7a830c0554e04e7aa496bd3b057477fc,PROCESSING
1786099884,7a64d9b695294b4ca229bcb0c87f66ba,QUEUED
1786099887,d57df1cc41f64a948c4bac4ae11ddbf0,QUEUED
1786099887,05da24cd5d8a40c1a6616132ffecc93c,QUEUED
1786099887,7a830c0554e04e7aa496bd3b057477fc,PROCESSING
1786099887,7a64d9b695294b4ca229bcb0c87f66ba,QUEUED
1786099889,d57df1cc41f64a948c4bac4ae11ddbf0,QUEUED
1786099889,05da24cd5d8a40c1a6616132ffecc93c,QUEUED
1786099889,7a830c0554e04e7aa496bd3b057477fc,PROCESSING
1786099889,7a64d9b695294b4ca229bcb0c87f66ba,QUEUED
1786099891,d57df1cc41f64a948c4bac4ae11ddbf0,QUEUED
1786099891,05da24cd5d8a40c1a6616132ffecc93c,QUEUED
1786099891,7a830c0554e04e7aa496bd3b057477fc,PROCESSING
1786099891,7a64d9b695294b4ca229bcb0c87f66ba,QUEUED
1786099894,d57df1cc41f64a948c4bac4ae11ddbf0,QUEUED
1786099894,05da24cd5d8a40c1a6616132ffecc93c,QUEUED
1786099894,7a830c0554e04e7aa496bd3b057477fc,PROCESSING
1786099894,7a64d9b695294b4ca229bcb0c87f66ba,QUEUED
1786099896,d57df1cc41f64a948c4bac4ae11ddbf0,QUEUED
1786099896,05da24cd5d8a40c1a6616132ffecc93c,QUEUED
1786099896,7a830c0554e04e7aa496bd3b057477fc,PROCESSING
1786099896,7a64d9b695294b4ca229bcb0c87f66ba,QUEUED
1786099898,d57df1cc41f64a948c4bac4ae11ddbf0,QUEUED
1786099898,05da24cd5d8a40c1a6616132ffecc93c,QUEUED
1786099898,7a830c0554e04e7aa496bd3b057477fc,PROCESSING
1786099898,7a64d9b695294b4ca229bcb0c87f66ba,QUEUED
1786099900,d57df1cc41f64a948c4bac4ae11ddbf0,QUEUED
1786099900,05da24cd5d8a40c1a6616132ffecc93c,QUEUED
1786099900,7a830c0554e04e7aa496bd3b057477fc,PROCESSING
1786099900,7a64d9b695294b4ca229bcb0c87f66ba,QUEUED
1786099903,d57df1cc41f64a948c4bac4ae11ddbf0,QUEUED
1786099903,05da24cd5d8a40c1a6616132ffecc93c,QUEUED
1786099903,7a830c0554e04e7aa496bd3b057477fc,PROCESSING
1786099903,7a64d9b695294b4ca229bcb0c87f66ba,QUEUED
1786099905,d57df1cc41f64a948c4bac4ae11ddbf0,QUEUED
1786099905,05da24cd5d8a40c1a6616132ffecc93c,QUEUED
1786099905,7a830c0554e04e7aa496bd3b057477fc,PROCESSING
1786099905,7a64d9b695294b4ca229bcb0c87f66ba,QUEUED
1786099907,d57df1cc41f64a948c4bac4ae11ddbf0,QUEUED
1786099907,05da24cd5d8a40c1a6616132ffecc93c,QUEUED
1786099907,7a830c0554e04e7aa496bd3b057477fc,PROCESSING
1786099907,7a64d9b695294b4ca229bcb0c87f66ba,QUEUED
1786099910,d57df1cc41f64a948c4bac4ae11ddbf0,QUEUED
1786099910,05da24cd5d8a40c1a6616132ffecc93c,QUEUED
1786099910,7a830c0554e04e7aa496bd3b057477fc,PROCESSING
1786099910,7a64d9b695294b4ca229bcb0c87f66ba,QUEUED
1786099912,d57df1cc41f64a948c4bac4ae11ddbf0,QUEUED
1786099912,05da24cd5d8a40c1a6616132ffecc93c,QUEUED
1786099912,7a830c0554e04e7aa496bd3b057477fc,PROCESSING
1786099912,7a64d9b695294b4ca229bcb0c87f66ba,QUEUED
1786099914,d57df1cc41f64a948c4bac4ae11ddbf0,QUEUED
1786099914,05da24cd5d8a40c1a6616132ffecc93c,QUEUED
1786099914,7a830c0554e04e7aa496bd3b057477fc,PROCESSING
1786099914,7a64d9b695294b4ca229bcb0c87f66ba,QUEUED
1786099916,d57df1cc41f64a948c4bac4ae11ddbf0,QUEUED
1786099916,05da24cd5d8a40c1a6616132ffecc93c,QUEUED
1786099916,7a830c0554e04e7aa496bd3b057477fc,PROCESSING
1786099916,7a64d9b695294b4ca229bcb0c87f66ba,QUEUED
1786099919,d57df1cc41f64a948c4bac4ae11ddbf0,QUEUED
1786099919,05da24cd5d8a40c1a6616132ffecc93c,QUEUED
1786099919,7a830c0554e04e7aa496bd3b057477fc,PROCESSING
1786099919,7a64d9b695294b4ca229bcb0c87f66ba,QUEUED
1786099921,d57df1cc41f64a948c4bac4ae11ddbf0,QUEUED
1786099921,05da24cd5d8a40c1a6616132ffecc93c,QUEUED
1786099921,7a830c0554e04e7aa496bd3b057477fc,PROCESSING
1786099921,7a64d9b695294b4ca229bcb0c87f66ba,QUEUED
1786099923,d57df1cc41f64a948c4bac4ae11ddbf0,QUEUED
1786099923,05da24cd5d8a40c1a6616132ffecc93c,QUEUED
1786099923,7a830c0554e04e7aa496bd3b057477fc,PROCESSING
1786099923,7a64d9b695294b4ca229bcb0c87f66ba,QUEUED
1786099926,d57df1cc41f64a948c4bac4ae11ddbf0,QUEUED
1786099926,05da24cd5d8a40c1a6616132ffecc93c,QUEUED
1786099926,7a830c0554e04e7aa496bd3b057477fc,PROCESSING
1786099926,7a64d9b695294b4ca229bcb0c87f66ba,QUEUED
1786099928,d57df1cc41f64a948c4bac4ae11ddbf0,QUEUED
1786099928,05da24cd5d8a40c1a6616132ffecc93c,QUEUED
1786099928,7a830c0554e04e7aa496bd3b057477fc,PROCESSING
1786099928,7a64d9b695294b4ca229bcb0c87f66ba,QUEUED
1786099930,d57df1cc41f64a948c4bac4ae11ddbf0,QUEUED
1786099930,05da24cd5d8a40c1a6616132ffecc93c,QUEUED
1786099930,7a830c0554e04e7aa496bd3b057477fc,PROCESSING
1786099930,7a64d9b695294b4ca229bcb0c87f66ba,QUEUED
1786099932,d57df1cc41f64a948c4bac4ae11ddbf0,QUEUED
1786099932,05da24cd5d8a40c1a6616132ffecc93c,QUEUED
1786099932,7a830c0554e04e7aa496bd3b057477fc,PROCESSING
1786099932,7a64d9b695294b4ca229bcb0c87f66ba,QUEUED
1786099935,d57df1cc41f64a948c4bac4ae11ddbf0,QUEUED
1786099935,05da24cd5d8a40c1a6616132ffecc93c,QUEUED
1786099935,7a830c0554e04e7aa496bd3b057477fc,PROCESSING
1786099935,7a64d9b695294b4ca229bcb0c87f66ba,QUEUED
1786099937,d57df1cc41f64a948c4bac4ae11ddbf0,QUEUED
1786099937,05da24cd5d8a40c1a6616132ffecc93c,QUEUED
1786099937,7a830c0554e04e7aa496bd3b057477fc,PROCESSING
1786099937,7a64d9b695294b4ca229bcb0c87f66ba,QUEUED
1786099939,d57df1cc41f64a948c4bac4ae11ddbf0,QUEUED
1786099939,05da24cd5d8a40c1a6616132ffecc93c,QUEUED
1786099939,7a830c0554e04e7aa496bd3b057477fc,PROCESSING
1786099939,7a64d9b695294b4ca229bcb0c87f66ba,QUEUED
1786099942,d57df1cc41f64a948c4bac4ae11ddbf0,QUEUED
1786099942,05da24cd5d8a40c1a6616132ffecc93c,QUEUED
1786099942,7a830c0554e04e7aa496bd3b057477fc,PROCESSING
1786099942,7a64d9b695294b4ca229bcb0c87f66ba,QUEUED
1786099944,d57df1cc41f64a948c4bac4ae11ddbf0,QUEUED
1786099944,05da24cd5d8a40c1a6616132ffecc93c,QUEUED
1786099944,7a830c0554e04e7aa496bd3b057477fc,PROCESSING
1786099944,7a64d9b695294b4ca229bcb0c87f66ba,QUEUED
1786099946,d57df1cc41f64a948c4bac4ae11ddbf0,QUEUED
1786099946,05da24cd5d8a40c1a6616132ffecc93c,QUEUED
1786099946,7a830c0554e04e7aa496bd3b057477fc,PROCESSING
1786099946,7a64d9b695294b4ca229bcb0c87f66ba,QUEUED
1786099948,d57df1cc41f64a948c4bac4ae11ddbf0,QUEUED
1786099948,05da24cd5d8a40c1a6616132ffecc93c,QUEUED
1786099948,7a830c0554e04e7aa496bd3b057477fc,PROCESSING
1786099948,7a64d9b695294b4ca229bcb0c87f66ba,QUEUED
1786099951,d57df1cc41f64a948c4bac4ae11ddbf0,QUEUED
1786099951,05da24cd5d8a40c1a6616132ffecc93c,QUEUED
1786099951,7a830c0554e04e7aa496bd3b057477fc,PROCESSING
1786099951,7a64d9b695294b4ca229bcb0c87f66ba,QUEUED
1786099953,d57df1cc41f64a948c4bac4ae11ddbf0,QUEUED
1786099953,05da24cd5d8a40c1a6616132ffecc93c,QUEUED
1786099953,7a830c0554e04e7aa496bd3b057477fc,PROCESSING
1786099953,7a64d9b695294b4ca229bcb0c87f66ba,QUEUED
1786099955,d57df1cc41f64a948c4bac4ae11ddbf0,QUEUED
1786099955,05da24cd5d8a40c1a6616132ffecc93c,QUEUED
1786099955,7a830c0554e04e7aa496bd3b057477fc,PROCESSING
1786099955,7a64d9b695294b4ca229bcb0c87f66ba,QUEUED
1786099957,d57df1cc41f64a948c4bac4ae11ddbf0,QUEUED
1786099957,05da24cd5d8a40c1a6616132ffecc93c,QUEUED
1786099957,7a830c0554e04e7aa496bd3b057477fc,PROCESSING
1786099957,7a64d9b695294b4ca229bcb0c87f66ba,QUEUED
1786099960,d57df1cc41f64a948c4bac4ae11ddbf0,QUEUED
1786099960,05da24cd5d8a40c1a6616132ffecc93c,QUEUED
1786099960,7a830c0554e04e7aa496bd3b057477fc,PROCESSING
1786099960,7a64d9b695294b4ca229bcb0c87f66ba,QUEUED
1786099962,d57df1cc41f64a948c4bac4ae11ddbf0,QUEUED
1786099962,05da24cd5d8a40c1a6616132ffecc93c,QUEUED
1786099962,7a830c0554e04e7aa496bd3b057477fc,PROCESSING
1786099962,7a64d9b695294b4ca229bcb0c87f66ba,QUEUED
1786099965,d57df1cc41f64a948c4bac4ae11ddbf0,QUEUED
1786099965,05da24cd5d8a40c1a6616132ffecc93c,QUEUED
1786099965,7a830c0554e04e7aa496bd3b057477fc,PROCESSING
1786099965,7a64d9b695294b4ca229bcb0c87f66ba,QUEUED
1786099967,d57df1cc41f64a948c4bac4ae11ddbf0,QUEUED
1786099967,05da24cd5d8a40c1a6616132ffecc93c,QUEUED
1786099967,7a830c0554e04e7aa496bd3b057477fc,PROCESSING
1786099967,7a64d9b695294b4ca229bcb0c87f66ba,QUEUED
1786099969,d57df1cc41f64a948c4bac4ae11ddbf0,QUEUED
1786099969,05da24cd5d8a40c1a6616132ffecc93c,QUEUED
1786099969,7a830c0554e04e7aa496bd3b057477fc,PROCESSING
1786099969,7a64d9b695294b4ca229bcb0c87f66ba,QUEUED
1786099971,d57df1cc41f64a948c4bac4ae11ddbf0,QUEUED
1786099971,05da24cd5d8a40c1a6616132ffecc93c,QUEUED
1786099971,7a830c0554e04e7aa496bd3b057477fc,PROCESSING
1786099971,7a64d9b695294b4ca229bcb0c87f66ba,QUEUED
1786099974,d57df1cc41f64a948c4bac4ae11ddbf0,QUEUED
1786099974,05da24cd5d8a40c1a6616132ffecc93c,QUEUED
1786099974,7a830c0554e04e7aa496bd3b057477fc,PROCESSING
1786099974,7a64d9b695294b4ca229bcb0c87f66ba,QUEUED
1786099976,d57df1cc41f64a948c4bac4ae11ddbf0,QUEUED
1786099976,05da24cd5d8a40c1a6616132ffecc93c,QUEUED
1786099976,7a830c0554e04e7aa496bd3b057477fc,PROCESSING
1786099976,7a64d9b695294b4ca229bcb0c87f66ba,QUEUED
1786099978,d57df1cc41f64a948c4bac4ae11ddbf0,QUEUED
1786099978,05da24cd5d8a40c1a6616132ffecc93c,QUEUED
1786099978,7a830c0554e04e7aa496bd3b057477fc,PROCESSING
1786099978,7a64d9b695294b4ca229bcb0c87f66ba,QUEUED
1786099980,d57df1cc41f64a948c4bac4ae11ddbf0,QUEUED
1786099980,05da24cd5d8a40c1a6616132ffecc93c,QUEUED
1786099980,7a830c0554e04e7aa496bd3b057477fc,PROCESSING
1786099980,7a64d9b695294b4ca229bcb0c87f66ba,QUEUED
1786099983,d57df1cc41f64a948c4bac4ae11ddbf0,QUEUED
1786099983,05da24cd5d8a40c1a6616132ffecc93c,QUEUED
1786099983,7a830c0554e04e7aa496bd3b057477fc,PROCESSING
1786099983,7a64d9b695294b4ca229bcb0c87f66ba,QUEUED
1786099985,d57df1cc41f64a948c4bac4ae11ddbf0,QUEUED
1786099985,05da24cd5d8a40c1a6616132ffecc93c,QUEUED
1786099985,7a830c0554e04e7aa496bd3b057477fc,PROCESSING
1786099985,7a64d9b695294b4ca229bcb0c87f66ba,QUEUED
1786099987,d57df1cc41f64a948c4bac4ae11ddbf0,QUEUED
1786099987,05da24cd5d8a40c1a6616132ffecc93c,QUEUED
1786099987,7a830c0554e04e7aa496bd3b057477fc,PROCESSING
1786099987,7a64d9b695294b4ca229bcb0c87f66ba,QUEUED
1786099990,d57df1cc41f64a948c4bac4ae11ddbf0,QUEUED
1786099990,05da24cd5d8a40c1a6616132ffecc93c,QUEUED
1786099990,7a830c0554e04e7aa496bd3b057477fc,PROCESSING
1786099990,7a64d9b695294b4ca229bcb0c87f66ba,QUEUED
1786099992,d57df1cc41f64a948c4bac4ae11ddbf0,QUEUED
1786099992,05da24cd5d8a40c1a6616132ffecc93c,QUEUED
1786099992,7a830c0554e04e7aa496bd3b057477fc,PROCESSING
1786099992,7a64d9b695294b4ca229bcb0c87f66ba,QUEUED
1786099994,d57df1cc41f64a948c4bac4ae11ddbf0,QUEUED
1786099994,05da24cd5d8a40c1a6616132ffecc93c,QUEUED
1786099994,7a830c0554e04e7aa496bd3b057477fc,PROCESSING
1786099994,7a64d9b695294b4ca229bcb0c87f66ba,QUEUED
1786099996,d57df1cc41f64a948c4bac4ae11ddbf0,QUEUED
1786099996,05da24cd5d8a40c1a6616132ffecc93c,QUEUED
1786099996,7a830c0554e04e7aa496bd3b057477fc,PROCESSING
1786099996,7a64d9b695294b4ca229bcb0c87f66ba,QUEUED
1786099999,d57df1cc41f64a948c4bac4ae11ddbf0,QUEUED
1786099999,05da24cd5d8a40c1a6616132ffecc93c,QUEUED
1786099999,7a830c0554e04e7aa496bd3b057477fc,PROCESSING
1786099999,7a64d9b695294b4ca229bcb0c87f66ba,QUEUED
1786100001,d57df1cc41f64a948c4bac4ae11ddbf0,QUEUED
1786100001,05da24cd5d8a40c1a6616132ffecc93c,QUEUED
1786100001,7a830c0554e04e7aa496bd3b057477fc,PROCESSING
1786100001,7a64d9b695294b4ca229bcb0c87f66ba,QUEUED
1786100003,d57df1cc41f64a948c4bac4ae11ddbf0,QUEUED
1786100003,05da24cd5d8a40c1a6616132ffecc93c,QUEUED
1786100003,7a830c0554e04e7aa496bd3b057477fc,PROCESSING
1786100003,7a64d9b695294b4ca229bcb0c87f66ba,QUEUED
1786100006,d57df1cc41f64a948c4bac4ae11ddbf0,QUEUED
1786100006,05da24cd5d8a40c1a6616132ffecc93c,QUEUED
1786100006,7a830c0554e04e7aa496bd3b057477fc,PROCESSING
1786100006,7a64d9b695294b4ca229bcb0c87f66ba,QUEUED
1786100008,d57df1cc41f64a948c4bac4ae11ddbf0,QUEUED
1786100008,05da24cd5d8a40c1a6616132ffecc93c,QUEUED
1786100008,7a830c0554e04e7aa496bd3b057477fc,PROCESSING
1786100008,7a64d9b695294b4ca229bcb0c87f66ba,QUEUED
1786100010,d57df1cc41f64a948c4bac4ae11ddbf0,QUEUED
1786100010,05da24cd5d8a40c1a6616132ffecc93c,QUEUED
1786100010,7a830c0554e04e7aa496bd3b057477fc,PROCESSING
1786100010,7a64d9b695294b4ca229bcb0c87f66ba,QUEUED
1786100012,d57df1cc41f64a948c4bac4ae11ddbf0,QUEUED
1786100012,05da24cd5d8a40c1a6616132ffecc93c,QUEUED
1786100012,7a830c0554e04e7aa496bd3b057477fc,PROCESSING
1786100012,7a64d9b695294b4ca229bcb0c87f66ba,QUEUED
1786100015,d57df1cc41f64a948c4bac4ae11ddbf0,QUEUED
1786100015,05da24cd5d8a40c1a6616132ffecc93c,QUEUED
1786100015,7a830c0554e04e7aa496bd3b057477fc,PROCESSING
1786100015,7a64d9b695294b4ca229bcb0c87f66ba,QUEUED
1786100017,d57df1cc41f64a948c4bac4ae11ddbf0,QUEUED
1786100017,05da24cd5d8a40c1a6616132ffecc93c,QUEUED
1786100017,7a830c0554e04e7aa496bd3b057477fc,PROCESSING
1786100017,7a64d9b695294b4ca229bcb0c87f66ba,QUEUED
1786100019,d57df1cc41f64a948c4bac4ae11ddbf0,QUEUED
1786100019,05da24cd5d8a40c1a6616132ffecc93c,QUEUED
1786100019,7a830c0554e04e7aa496bd3b057477fc,PROCESSING
1786100019,7a64d9b695294b4ca229bcb0c87f66ba,QUEUED
1786100022,d57df1cc41f64a948c4bac4ae11ddbf0,QUEUED
1786100022,05da24cd5d8a40c1a6616132ffecc93c,QUEUED
1786100022,7a830c0554e04e7aa496bd3b057477fc,PROCESSING
1786100022,7a64d9b695294b4ca229bcb0c87f66ba,QUEUED
1786100024,d57df1cc41f64a948c4bac4ae11ddbf0,QUEUED
1786100024,05da24cd5d8a40c1a6616132ffecc93c,QUEUED
1786100024,7a830c0554e04e7aa496bd3b057477fc,PROCESSING
1786100024,7a64d9b695294b4ca229bcb0c87f66ba,QUEUED
1786100026,d57df1cc41f64a948c4bac4ae11ddbf0,QUEUED
1786100026,05da24cd5d8a40c1a6616132ffecc93c,QUEUED
1786100026,7a830c0554e04e7aa496bd3b057477fc,PROCESSING
1786100026,7a64d9b695294b4ca229bcb0c87f66ba,QUEUED
1786100028,d57df1cc41f64a948c4bac4ae11ddbf0,QUEUED
1786100028,05da24cd5d8a40c1a6616132ffecc93c,QUEUED
1786100028,7a830c0554e04e7aa496bd3b057477fc,PROCESSING
1786100028,7a64d9b695294b4ca229bcb0c87f66ba,QUEUED
1786100031,d57df1cc41f64a948c4bac4ae11ddbf0,QUEUED
1786100031,05da24cd5d8a40c1a6616132ffecc93c,QUEUED
1786100031,7a830c0554e04e7aa496bd3b057477fc,PROCESSING
1786100031,7a64d9b695294b4ca229bcb0c87f66ba,QUEUED
1786100033,d57df1cc41f64a948c4bac4ae11ddbf0,QUEUED
1786100033,05da24cd5d8a40c1a6616132ffecc93c,QUEUED
1786100033,7a830c0554e04e7aa496bd3b057477fc,PROCESSING
1786100033,7a64d9b695294b4ca229bcb0c87f66ba,QUEUED
1786100035,d57df1cc41f64a948c4bac4ae11ddbf0,QUEUED
1786100035,05da24cd5d8a40c1a6616132ffecc93c,QUEUED
1786100035,7a830c0554e04e7aa496bd3b057477fc,PROCESSING
1786100035,7a64d9b695294b4ca229bcb0c87f66ba,QUEUED
1786100038,d57df1cc41f64a948c4bac4ae11ddbf0,QUEUED
1786100038,05da24cd5d8a40c1a6616132ffecc93c,QUEUED
1786100038,7a830c0554e04e7aa496bd3b057477fc,PROCESSING
1786100038,7a64d9b695294b4ca229bcb0c87f66ba,QUEUED
1786100040,d57df1cc41f64a948c4bac4ae11ddbf0,QUEUED
1786100040,05da24cd5d8a40c1a6616132ffecc93c,QUEUED
1786100040,7a830c0554e04e7aa496bd3b057477fc,PROCESSING
1786100040,7a64d9b695294b4ca229bcb0c87f66ba,QUEUED
1786100042,d57df1cc41f64a948c4bac4ae11ddbf0,QUEUED
1786100042,05da24cd5d8a40c1a6616132ffecc93c,QUEUED
1786100042,7a830c0554e04e7aa496bd3b057477fc,PROCESSING
1786100042,7a64d9b695294b4ca229bcb0c87f66ba,QUEUED
1786100045,d57df1cc41f64a948c4bac4ae11ddbf0,QUEUED
1786100045,05da24cd5d8a40c1a6616132ffecc93c,QUEUED
1786100045,7a830c0554e04e7aa496bd3b057477fc,PROCESSING
1786100045,7a64d9b695294b4ca229bcb0c87f66ba,QUEUED
1786100047,d57df1cc41f64a948c4bac4ae11ddbf0,QUEUED
1786100047,05da24cd5d8a40c1a6616132ffecc93c,QUEUED
1786100047,7a830c0554e04e7aa496bd3b057477fc,PROCESSING
1786100047,7a64d9b695294b4ca229bcb0c87f66ba,QUEUED
1786100049,d57df1cc41f64a948c4bac4ae11ddbf0,QUEUED
1786100049,05da24cd5d8a40c1a6616132ffecc93c,QUEUED
1786100049,7a830c0554e04e7aa496bd3b057477fc,PROCESSING
1786100049,7a64d9b695294b4ca229bcb0c87f66ba,QUEUED
1786100051,d57df1cc41f64a948c4bac4ae11ddbf0,QUEUED
1786100051,05da24cd5d8a40c1a6616132ffecc93c,QUEUED
1786100051,7a830c0554e04e7aa496bd3b057477fc,PROCESSING
1786100051,7a64d9b695294b4ca229bcb0c87f66ba,QUEUED
1786100054,d57df1cc41f64a948c4bac4ae11ddbf0,QUEUED
1786100054,05da24cd5d8a40c1a6616132ffecc93c,QUEUED
1786100054,7a830c0554e04e7aa496bd3b057477fc,PROCESSING
1786100054,7a64d9b695294b4ca229bcb0c87f66ba,QUEUED
1786100056,d57df1cc41f64a948c4bac4ae11ddbf0,QUEUED
1786100056,05da24cd5d8a40c1a6616132ffecc93c,QUEUED
1786100056,7a830c0554e04e7aa496bd3b057477fc,PROCESSING
1786100056,7a64d9b695294b4ca229bcb0c87f66ba,QUEUED
1786100058,d57df1cc41f64a948c4bac4ae11ddbf0,QUEUED
1786100058,05da24cd5d8a40c1a6616132ffecc93c,QUEUED
1786100058,7a830c0554e04e7aa496bd3b057477fc,PROCESSING
1786100058,7a64d9b695294b4ca229bcb0c87f66ba,QUEUED
1786100060,d57df1cc41f64a948c4bac4ae11ddbf0,QUEUED
1786100060,05da24cd5d8a40c1a6616132ffecc93c,QUEUED
1786100060,7a830c0554e04e7aa496bd3b057477fc,PROCESSING
1786100060,7a64d9b695294b4ca229bcb0c87f66ba,QUEUED
1786100063,d57df1cc41f64a948c4bac4ae11ddbf0,QUEUED
1786100063,05da24cd5d8a40c1a6616132ffecc93c,QUEUED
1786100063,7a830c0554e04e7aa496bd3b057477fc,PROCESSING
1786100063,7a64d9b695294b4ca229bcb0c87f66ba,QUEUED
1786100065,d57df1cc41f64a948c4bac4ae11ddbf0,QUEUED
1786100065,05da24cd5d8a40c1a6616132ffecc93c,QUEUED
1786100065,7a830c0554e04e7aa496bd3b057477fc,PROCESSING
1786100065,7a64d9b695294b4ca229bcb0c87f66ba,QUEUED
1786100067,d57df1cc41f64a948c4bac4ae11ddbf0,QUEUED
1786100067,05da24cd5d8a40c1a6616132ffecc93c,QUEUED
1786100067,7a830c0554e04e7aa496bd3b057477fc,PROCESSING
1786100067,7a64d9b695294b4ca229bcb0c87f66ba,QUEUED
1786100070,d57df1cc41f64a948c4bac4ae11ddbf0,QUEUED
1786100070,05da24cd5d8a40c1a6616132ffecc93c,QUEUED
1786100070,7a830c0554e04e7aa496bd3b057477fc,PROCESSING
1786100070,7a64d9b695294b4ca229bcb0c87f66ba,QUEUED
1786100072,d57df1cc41f64a948c4bac4ae11ddbf0,QUEUED
1786100072,05da24cd5d8a40c1a6616132ffecc93c,QUEUED
1786100072,7a830c0554e04e7aa496bd3b057477fc,PROCESSING
1786100072,7a64d9b695294b4ca229bcb0c87f66ba,QUEUED
1786100074,d57df1cc41f64a948c4bac4ae11ddbf0,QUEUED
1786100074,05da24cd5d8a40c1a6616132ffecc93c,QUEUED
1786100074,7a830c0554e04e7aa496bd3b057477fc,PROCESSING
1786100074,7a64d9b695294b4ca229bcb0c87f66ba,QUEUED
1786100076,d57df1cc41f64a948c4bac4ae11ddbf0,QUEUED
1786100076,05da24cd5d8a40c1a6616132ffecc93c,QUEUED
1786100076,7a830c0554e04e7aa496bd3b057477fc,PROCESSING
1786100076,7a64d9b695294b4ca229bcb0c87f66ba,QUEUED
1786100079,d57df1cc41f64a948c4bac4ae11ddbf0,QUEUED
1786100079,05da24cd5d8a40c1a6616132ffecc93c,QUEUED
1786100079,7a830c0554e04e7aa496bd3b057477fc,PROCESSING
1786100079,7a64d9b695294b4ca229bcb0c87f66ba,QUEUED
1786100081,d57df1cc41f64a948c4bac4ae11ddbf0,QUEUED
1786100081,05da24cd5d8a40c1a6616132ffecc93c,QUEUED
1786100081,7a830c0554e04e7aa496bd3b057477fc,PROCESSING
1786100081,7a64d9b695294b4ca229bcb0c87f66ba,QUEUED
1786100084,d57df1cc41f64a948c4bac4ae11ddbf0,QUEUED
1786100084,05da24cd5d8a40c1a6616132ffecc93c,QUEUED
1786100084,7a830c0554e04e7aa496bd3b057477fc,PROCESSING
1786100084,7a64d9b695294b4ca229bcb0c87f66ba,QUEUED
1786100086,d57df1cc41f64a948c4bac4ae11ddbf0,QUEUED
1786100086,05da24cd5d8a40c1a6616132ffecc93c,QUEUED
1786100086,7a830c0554e04e7aa496bd3b057477fc,PROCESSING
1786100086,7a64d9b695294b4ca229bcb0c87f66ba,QUEUED
1786100088,d57df1cc41f64a948c4bac4ae11ddbf0,QUEUED
1786100088,05da24cd5d8a40c1a6616132ffecc93c,QUEUED
1786100088,7a830c0554e04e7aa496bd3b057477fc,PROCESSING
1786100088,7a64d9b695294b4ca229bcb0c87f66ba,QUEUED
1786100091,d57df1cc41f64a948c4bac4ae11ddbf0,QUEUED
1786100091,05da24cd5d8a40c1a6616132ffecc93c,QUEUED
1786100091,7a830c0554e04e7aa496bd3b057477fc,PROCESSING
1786100091,7a64d9b695294b4ca229bcb0c87f66ba,QUEUED
1786100093,d57df1cc41f64a948c4bac4ae11ddbf0,QUEUED
1786100093,05da24cd5d8a40c1a6616132ffecc93c,QUEUED
1786100093,7a830c0554e04e7aa496bd3b057477fc,PROCESSING
1786100093,7a64d9b695294b4ca229bcb0c87f66ba,QUEUED
1786100096,d57df1cc41f64a948c4bac4ae11ddbf0,QUEUED
1786100096,05da24cd5d8a40c1a6616132ffecc93c,QUEUED
1786100096,7a830c0554e04e7aa496bd3b057477fc,PROCESSING
1786100096,7a64d9b695294b4ca229bcb0c87f66ba,QUEUED
1786100098,d57df1cc41f64a948c4bac4ae11ddbf0,QUEUED
1786100098,05da24cd5d8a40c1a6616132ffecc93c,QUEUED
1786100098,7a830c0554e04e7aa496bd3b057477fc,PROCESSING
1786100098,7a64d9b695294b4ca229bcb0c87f66ba,QUEUED
1786100100,d57df1cc41f64a948c4bac4ae11ddbf0,QUEUED
1786100100,05da24cd5d8a40c1a6616132ffecc93c,QUEUED
1786100100,7a830c0554e04e7aa496bd3b057477fc,PROCESSING
1786100100,7a64d9b695294b4ca229bcb0c87f66ba,QUEUED
1786100103,d57df1cc41f64a948c4bac4ae11ddbf0,QUEUED
1786100103,05da24cd5d8a40c1a6616132ffecc93c,QUEUED
1786100103,7a830c0554e04e7aa496bd3b057477fc,PROCESSING
1786100103,7a64d9b695294b4ca229bcb0c87f66ba,QUEUED
1786100105,d57df1cc41f64a948c4bac4ae11ddbf0,QUEUED
1786100105,05da24cd5d8a40c1a6616132ffecc93c,QUEUED
1786100105,7a830c0554e04e7aa496bd3b057477fc,DONE
1786100105,7a64d9b695294b4ca229bcb0c87f66ba,PROCESSING
1786100107,d57df1cc41f64a948c4bac4ae11ddbf0,QUEUED
1786100107,05da24cd5d8a40c1a6616132ffecc93c,QUEUED
1786100107,7a64d9b695294b4ca229bcb0c87f66ba,PROCESSING
1786100110,d57df1cc41f64a948c4bac4ae11ddbf0,QUEUED
1786100110,05da24cd5d8a40c1a6616132ffecc93c,QUEUED
1786100110,7a64d9b695294b4ca229bcb0c87f66ba,PROCESSING
1786100112,d57df1cc41f64a948c4bac4ae11ddbf0,QUEUED
1786100112,05da24cd5d8a40c1a6616132ffecc93c,QUEUED
1786100112,7a64d9b695294b4ca229bcb0c87f66ba,PROCESSING
1786100114,d57df1cc41f64a948c4bac4ae11ddbf0,QUEUED
1786100114,05da24cd5d8a40c1a6616132ffecc93c,QUEUED
1786100114,7a64d9b695294b4ca229bcb0c87f66ba,PROCESSING
1786100117,d57df1cc41f64a948c4bac4ae11ddbf0,QUEUED
1786100117,05da24cd5d8a40c1a6616132ffecc93c,QUEUED
1786100117,7a64d9b695294b4ca229bcb0c87f66ba,PROCESSING
1786100119,d57df1cc41f64a948c4bac4ae11ddbf0,QUEUED
1786100119,05da24cd5d8a40c1a6616132ffecc93c,QUEUED
1786100119,7a64d9b695294b4ca229bcb0c87f66ba,PROCESSING
1786100121,d57df1cc41f64a948c4bac4ae11ddbf0,QUEUED
1786100121,05da24cd5d8a40c1a6616132ffecc93c,QUEUED
1786100121,7a64d9b695294b4ca229bcb0c87f66ba,PROCESSING
1786100124,d57df1cc41f64a948c4bac4ae11ddbf0,QUEUED
1786100124,05da24cd5d8a40c1a6616132ffecc93c,QUEUED
1786100124,7a64d9b695294b4ca229bcb0c87f66ba,PROCESSING
1786100126,d57df1cc41f64a948c4bac4ae11ddbf0,QUEUED
1786100126,05da24cd5d8a40c1a6616132ffecc93c,QUEUED
1786100126,7a64d9b695294b4ca229bcb0c87f66ba,PROCESSING
1786100128,d57df1cc41f64a948c4bac4ae11ddbf0,QUEUED
1786100128,05da24cd5d8a40c1a6616132ffecc93c,QUEUED
1786100128,7a64d9b695294b4ca229bcb0c87f66ba,PROCESSING
1786100131,d57df1cc41f64a948c4bac4ae11ddbf0,QUEUED
1786100131,05da24cd5d8a40c1a6616132ffecc93c,QUEUED
1786100131,7a64d9b695294b4ca229bcb0c87f66ba,PROCESSING
1786100133,d57df1cc41f64a948c4bac4ae11ddbf0,QUEUED
1786100133,05da24cd5d8a40c1a6616132ffecc93c,QUEUED
1786100133,7a64d9b695294b4ca229bcb0c87f66ba,PROCESSING
1786100135,d57df1cc41f64a948c4bac4ae11ddbf0,QUEUED
1786100135,05da24cd5d8a40c1a6616132ffecc93c,QUEUED
1786100135,7a64d9b695294b4ca229bcb0c87f66ba,PROCESSING
1786100137,d57df1cc41f64a948c4bac4ae11ddbf0,QUEUED
1786100137,05da24cd5d8a40c1a6616132ffecc93c,QUEUED
1786100137,7a64d9b695294b4ca229bcb0c87f66ba,PROCESSING
1786100140,d57df1cc41f64a948c4bac4ae11ddbf0,QUEUED
1786100140,05da24cd5d8a40c1a6616132ffecc93c,QUEUED
1786100140,7a64d9b695294b4ca229bcb0c87f66ba,PROCESSING
1786100142,d57df1cc41f64a948c4bac4ae11ddbf0,QUEUED
1786100142,05da24cd5d8a40c1a6616132ffecc93c,QUEUED
1786100142,7a64d9b695294b4ca229bcb0c87f66ba,PROCESSING
1786100144,d57df1cc41f64a948c4bac4ae11ddbf0,QUEUED
1786100144,05da24cd5d8a40c1a6616132ffecc93c,QUEUED
1786100144,7a64d9b695294b4ca229bcb0c87f66ba,PROCESSING
1786100146,d57df1cc41f64a948c4bac4ae11ddbf0,QUEUED
1786100146,05da24cd5d8a40c1a6616132ffecc93c,QUEUED
1786100146,7a64d9b695294b4ca229bcb0c87f66ba,PROCESSING
1786100149,d57df1cc41f64a948c4bac4ae11ddbf0,QUEUED
1786100149,05da24cd5d8a40c1a6616132ffecc93c,QUEUED
1786100149,7a64d9b695294b4ca229bcb0c87f66ba,PROCESSING
1786100151,d57df1cc41f64a948c4bac4ae11ddbf0,QUEUED
1786100151,05da24cd5d8a40c1a6616132ffecc93c,QUEUED
1786100151,7a64d9b695294b4ca229bcb0c87f66ba,PROCESSING
1786100153,d57df1cc41f64a948c4bac4ae11ddbf0,QUEUED
1786100153,05da24cd5d8a40c1a6616132ffecc93c,QUEUED
1786100153,7a64d9b695294b4ca229bcb0c87f66ba,PROCESSING
1786100155,d57df1cc41f64a948c4bac4ae11ddbf0,QUEUED
1786100155,05da24cd5d8a40c1a6616132ffecc93c,QUEUED
1786100155,7a64d9b695294b4ca229bcb0c87f66ba,PROCESSING
1786100157,d57df1cc41f64a948c4bac4ae11ddbf0,QUEUED
1786100157,05da24cd5d8a40c1a6616132ffecc93c,QUEUED
1786100157,7a64d9b695294b4ca229bcb0c87f66ba,PROCESSING
1786100160,d57df1cc41f64a948c4bac4ae11ddbf0,QUEUED
1786100160,05da24cd5d8a40c1a6616132ffecc93c,QUEUED
1786100160,7a64d9b695294b4ca229bcb0c87f66ba,PROCESSING
1786100162,d57df1cc41f64a948c4bac4ae11ddbf0,QUEUED
1786100162,05da24cd5d8a40c1a6616132ffecc93c,QUEUED
1786100162,7a64d9b695294b4ca229bcb0c87f66ba,PROCESSING
1786100164,d57df1cc41f64a948c4bac4ae11ddbf0,QUEUED
1786100164,05da24cd5d8a40c1a6616132ffecc93c,QUEUED
1786100164,7a64d9b695294b4ca229bcb0c87f66ba,PROCESSING
1786100166,d57df1cc41f64a948c4bac4ae11ddbf0,QUEUED
1786100166,05da24cd5d8a40c1a6616132ffecc93c,QUEUED
1786100166,7a64d9b695294b4ca229bcb0c87f66ba,PROCESSING
1786100168,d57df1cc41f64a948c4bac4ae11ddbf0,QUEUED
1786100168,05da24cd5d8a40c1a6616132ffecc93c,QUEUED
1786100168,7a64d9b695294b4ca229bcb0c87f66ba,PROCESSING
1786100171,d57df1cc41f64a948c4bac4ae11ddbf0,QUEUED
1786100171,05da24cd5d8a40c1a6616132ffecc93c,QUEUED
1786100171,7a64d9b695294b4ca229bcb0c87f66ba,PROCESSING
1786100173,d57df1cc41f64a948c4bac4ae11ddbf0,QUEUED
1786100173,05da24cd5d8a40c1a6616132ffecc93c,QUEUED
1786100173,7a64d9b695294b4ca229bcb0c87f66ba,PROCESSING
1786100175,d57df1cc41f64a948c4bac4ae11ddbf0,QUEUED
1786100175,05da24cd5d8a40c1a6616132ffecc93c,QUEUED
1786100175,7a64d9b695294b4ca229bcb0c87f66ba,PROCESSING
1786100177,d57df1cc41f64a948c4bac4ae11ddbf0,QUEUED
1786100177,05da24cd5d8a40c1a6616132ffecc93c,QUEUED
1786100177,7a64d9b695294b4ca229bcb0c87f66ba,PROCESSING
1786100179,d57df1cc41f64a948c4bac4ae11ddbf0,QUEUED
1786100179,05da24cd5d8a40c1a6616132ffecc93c,QUEUED
1786100179,7a64d9b695294b4ca229bcb0c87f66ba,PROCESSING
1786100182,d57df1cc41f64a948c4bac4ae11ddbf0,QUEUED
1786100182,05da24cd5d8a40c1a6616132ffecc93c,QUEUED
1786100182,7a64d9b695294b4ca229bcb0c87f66ba,PROCESSING
1786100184,d57df1cc41f64a948c4bac4ae11ddbf0,QUEUED
1786100184,05da24cd5d8a40c1a6616132ffecc93c,QUEUED
1786100184,7a64d9b695294b4ca229bcb0c87f66ba,PROCESSING
1786100186,d57df1cc41f64a948c4bac4ae11ddbf0,QUEUED
1786100186,05da24cd5d8a40c1a6616132ffecc93c,QUEUED
1786100186,7a64d9b695294b4ca229bcb0c87f66ba,PROCESSING
1786100188,d57df1cc41f64a948c4bac4ae11ddbf0,QUEUED
1786100188,05da24cd5d8a40c1a6616132ffecc93c,QUEUED
1786100188,7a64d9b695294b4ca229bcb0c87f66ba,PROCESSING
1786100191,d57df1cc41f64a948c4bac4ae11ddbf0,QUEUED
1786100191,05da24cd5d8a40c1a6616132ffecc93c,QUEUED
1786100191,7a64d9b695294b4ca229bcb0c87f66ba,PROCESSING
1786100193,d57df1cc41f64a948c4bac4ae11ddbf0,QUEUED
1786100193,05da24cd5d8a40c1a6616132ffecc93c,QUEUED
1786100193,7a64d9b695294b4ca229bcb0c87f66ba,PROCESSING
1786100195,d57df1cc41f64a948c4bac4ae11ddbf0,QUEUED
1786100195,05da24cd5d8a40c1a6616132ffecc93c,QUEUED
1786100195,7a64d9b695294b4ca229bcb0c87f66ba,PROCESSING
1786100197,d57df1cc41f64a948c4bac4ae11ddbf0,QUEUED
1786100197,05da24cd5d8a40c1a6616132ffecc93c,QUEUED
1786100197,7a64d9b695294b4ca229bcb0c87f66ba,PROCESSING
1786100199,d57df1cc41f64a948c4bac4ae11ddbf0,QUEUED
1786100199,05da24cd5d8a40c1a6616132ffecc93c,QUEUED
1786100199,7a64d9b695294b4ca229bcb0c87f66ba,PROCESSING
1786100202,d57df1cc41f64a948c4bac4ae11ddbf0,QUEUED
1786100202,05da24cd5d8a40c1a6616132ffecc93c,QUEUED
1786100202,7a64d9b695294b4ca229bcb0c87f66ba,PROCESSING
1786100204,d57df1cc41f64a948c4bac4ae11ddbf0,QUEUED
1786100204,05da24cd5d8a40c1a6616132ffecc93c,QUEUED
1786100204,7a64d9b695294b4ca229bcb0c87f66ba,PROCESSING
1786100206,d57df1cc41f64a948c4bac4ae11ddbf0,QUEUED
1786100206,05da24cd5d8a40c1a6616132ffecc93c,QUEUED
1786100206,7a64d9b695294b4ca229bcb0c87f66ba,PROCESSING
1786100208,d57df1cc41f64a948c4bac4ae11ddbf0,QUEUED
1786100208,05da24cd5d8a40c1a6616132ffecc93c,QUEUED
1786100208,7a64d9b695294b4ca229bcb0c87f66ba,PROCESSING
1786100210,d57df1cc41f64a948c4bac4ae11ddbf0,QUEUED
1786100210,05da24cd5d8a40c1a6616132ffecc93c,QUEUED
1786100210,7a64d9b695294b4ca229bcb0c87f66ba,PROCESSING
1786100213,d57df1cc41f64a948c4bac4ae11ddbf0,QUEUED
1786100213,05da24cd5d8a40c1a6616132ffecc93c,QUEUED
1786100213,7a64d9b695294b4ca229bcb0c87f66ba,PROCESSING
1786100215,d57df1cc41f64a948c4bac4ae11ddbf0,QUEUED
1786100215,05da24cd5d8a40c1a6616132ffecc93c,QUEUED
1786100215,7a64d9b695294b4ca229bcb0c87f66ba,PROCESSING
1786100217,d57df1cc41f64a948c4bac4ae11ddbf0,QUEUED
1786100217,05da24cd5d8a40c1a6616132ffecc93c,QUEUED
1786100217,7a64d9b695294b4ca229bcb0c87f66ba,PROCESSING
1786100219,d57df1cc41f64a948c4bac4ae11ddbf0,QUEUED
1786100219,05da24cd5d8a40c1a6616132ffecc93c,QUEUED
1786100219,7a64d9b695294b4ca229bcb0c87f66ba,PROCESSING
1786100221,d57df1cc41f64a948c4bac4ae11ddbf0,QUEUED
1786100221,05da24cd5d8a40c1a6616132ffecc93c,QUEUED
1786100221,7a64d9b695294b4ca229bcb0c87f66ba,PROCESSING
1786100224,d57df1cc41f64a948c4bac4ae11ddbf0,QUEUED
1786100224,05da24cd5d8a40c1a6616132ffecc93c,QUEUED
1786100224,7a64d9b695294b4ca229bcb0c87f66ba,PROCESSING
1786100226,d57df1cc41f64a948c4bac4ae11ddbf0,QUEUED
1786100226,05da24cd5d8a40c1a6616132ffecc93c,QUEUED
1786100226,7a64d9b695294b4ca229bcb0c87f66ba,PROCESSING
1786100228,d57df1cc41f64a948c4bac4ae11ddbf0,QUEUED
1786100228,05da24cd5d8a40c1a6616132ffecc93c,QUEUED
1786100228,7a64d9b695294b4ca229bcb0c87f66ba,PROCESSING
1786100230,d57df1cc41f64a948c4bac4ae11ddbf0,QUEUED
1786100230,05da24cd5d8a40c1a6616132ffecc93c,QUEUED
1786100230,7a64d9b695294b4ca229bcb0c87f66ba,PROCESSING
1786100233,d57df1cc41f64a948c4bac4ae11ddbf0,QUEUED
1786100233,05da24cd5d8a40c1a6616132ffecc93c,QUEUED
1786100233,7a64d9b695294b4ca229bcb0c87f66ba,PROCESSING
1786100235,d57df1cc41f64a948c4bac4ae11ddbf0,QUEUED
1786100235,05da24cd5d8a40c1a6616132ffecc93c,QUEUED
1786100235,7a64d9b695294b4ca229bcb0c87f66ba,PROCESSING
1786100237,d57df1cc41f64a948c4bac4ae11ddbf0,QUEUED
1786100237,05da24cd5d8a40c1a6616132ffecc93c,QUEUED
1786100237,7a64d9b695294b4ca229bcb0c87f66ba,PROCESSING
1786100239,d57df1cc41f64a948c4bac4ae11ddbf0,QUEUED
1786100239,05da24cd5d8a40c1a6616132ffecc93c,QUEUED
1786100239,7a64d9b695294b4ca229bcb0c87f66ba,PROCESSING
1786100241,d57df1cc41f64a948c4bac4ae11ddbf0,QUEUED
1786100241,05da24cd5d8a40c1a6616132ffecc93c,QUEUED
1786100241,7a64d9b695294b4ca229bcb0c87f66ba,PROCESSING
1786100244,d57df1cc41f64a948c4bac4ae11ddbf0,QUEUED
1786100244,05da24cd5d8a40c1a6616132ffecc93c,QUEUED
1786100244,7a64d9b695294b4ca229bcb0c87f66ba,PROCESSING
1786100246,d57df1cc41f64a948c4bac4ae11ddbf0,QUEUED
1786100246,05da24cd5d8a40c1a6616132ffecc93c,QUEUED
1786100246,7a64d9b695294b4ca229bcb0c87f66ba,PROCESSING
1786100248,d57df1cc41f64a948c4bac4ae11ddbf0,QUEUED
1786100248,05da24cd5d8a40c1a6616132ffecc93c,QUEUED
1786100248,7a64d9b695294b4ca229bcb0c87f66ba,PROCESSING
1786100250,d57df1cc41f64a948c4bac4ae11ddbf0,QUEUED
1786100250,05da24cd5d8a40c1a6616132ffecc93c,QUEUED
1786100250,7a64d9b695294b4ca229bcb0c87f66ba,PROCESSING
1786100252,d57df1cc41f64a948c4bac4ae11ddbf0,QUEUED
1786100252,05da24cd5d8a40c1a6616132ffecc93c,QUEUED
1786100252,7a64d9b695294b4ca229bcb0c87f66ba,PROCESSING
1786100255,d57df1cc41f64a948c4bac4ae11ddbf0,QUEUED
1786100255,05da24cd5d8a40c1a6616132ffecc93c,QUEUED
1786100255,7a64d9b695294b4ca229bcb0c87f66ba,PROCESSING
1786100257,d57df1cc41f64a948c4bac4ae11ddbf0,QUEUED
1786100257,05da24cd5d8a40c1a6616132ffecc93c,QUEUED
1786100257,7a64d9b695294b4ca229bcb0c87f66ba,PROCESSING
1786100259,d57df1cc41f64a948c4bac4ae11ddbf0,QUEUED
1786100259,05da24cd5d8a40c1a6616132ffecc93c,QUEUED
1786100259,7a64d9b695294b4ca229bcb0c87f66ba,PROCESSING
1786100261,d57df1cc41f64a948c4bac4ae11ddbf0,QUEUED
1786100261,05da24cd5d8a40c1a6616132ffecc93c,QUEUED
1786100261,7a64d9b695294b4ca229bcb0c87f66ba,PROCESSING
1786100263,d57df1cc41f64a948c4bac4ae11ddbf0,QUEUED
1786100263,05da24cd5d8a40c1a6616132ffecc93c,QUEUED
1786100263,7a64d9b695294b4ca229bcb0c87f66ba,PROCESSING
1786100266,d57df1cc41f64a948c4bac4ae11ddbf0,QUEUED
1786100266,05da24cd5d8a40c1a6616132ffecc93c,QUEUED
1786100266,7a64d9b695294b4ca229bcb0c87f66ba,PROCESSING
1786100268,d57df1cc41f64a948c4bac4ae11ddbf0,QUEUED
1786100268,05da24cd5d8a40c1a6616132ffecc93c,QUEUED
1786100268,7a64d9b695294b4ca229bcb0c87f66ba,PROCESSING
1786100270,d57df1cc41f64a948c4bac4ae11ddbf0,QUEUED
1786100270,05da24cd5d8a40c1a6616132ffecc93c,QUEUED
1786100270,7a64d9b695294b4ca229bcb0c87f66ba,PROCESSING
1786100272,d57df1cc41f64a948c4bac4ae11ddbf0,QUEUED
1786100272,05da24cd5d8a40c1a6616132ffecc93c,QUEUED
1786100272,7a64d9b695294b4ca229bcb0c87f66ba,PROCESSING
1786100274,d57df1cc41f64a948c4bac4ae11ddbf0,QUEUED
1786100274,05da24cd5d8a40c1a6616132ffecc93c,QUEUED
1786100274,7a64d9b695294b4ca229bcb0c87f66ba,PROCESSING
1786100277,d57df1cc41f64a948c4bac4ae11ddbf0,QUEUED
1786100277,05da24cd5d8a40c1a6616132ffecc93c,QUEUED
1786100277,7a64d9b695294b4ca229bcb0c87f66ba,PROCESSING
1786100279,d57df1cc41f64a948c4bac4ae11ddbf0,QUEUED
1786100279,05da24cd5d8a40c1a6616132ffecc93c,QUEUED
1786100279,7a64d9b695294b4ca229bcb0c87f66ba,PROCESSING
1786100281,d57df1cc41f64a948c4bac4ae11ddbf0,QUEUED
1786100281,05da24cd5d8a40c1a6616132ffecc93c,QUEUED
1786100281,7a64d9b695294b4ca229bcb0c87f66ba,PROCESSING
1786100283,d57df1cc41f64a948c4bac4ae11ddbf0,QUEUED
1786100283,05da24cd5d8a40c1a6616132ffecc93c,QUEUED
1786100283,7a64d9b695294b4ca229bcb0c87f66ba,PROCESSING
1786100286,d57df1cc41f64a948c4bac4ae11ddbf0,QUEUED
1786100286,05da24cd5d8a40c1a6616132ffecc93c,QUEUED
1786100286,7a64d9b695294b4ca229bcb0c87f66ba,PROCESSING
1786100288,d57df1cc41f64a948c4bac4ae11ddbf0,QUEUED
1786100288,05da24cd5d8a40c1a6616132ffecc93c,QUEUED
1786100288,7a64d9b695294b4ca229bcb0c87f66ba,PROCESSING
1786100290,d57df1cc41f64a948c4bac4ae11ddbf0,QUEUED
1786100290,05da24cd5d8a40c1a6616132ffecc93c,QUEUED
1786100290,7a64d9b695294b4ca229bcb0c87f66ba,PROCESSING
1786100292,d57df1cc41f64a948c4bac4ae11ddbf0,QUEUED
1786100292,05da24cd5d8a40c1a6616132ffecc93c,QUEUED
1786100292,7a64d9b695294b4ca229bcb0c87f66ba,PROCESSING
1786100294,d57df1cc41f64a948c4bac4ae11ddbf0,QUEUED
1786100294,05da24cd5d8a40c1a6616132ffecc93c,QUEUED
1786100294,7a64d9b695294b4ca229bcb0c87f66ba,PROCESSING
1786100297,d57df1cc41f64a948c4bac4ae11ddbf0,QUEUED
1786100297,05da24cd5d8a40c1a6616132ffecc93c,QUEUED
1786100297,7a64d9b695294b4ca229bcb0c87f66ba,PROCESSING
1786100299,d57df1cc41f64a948c4bac4ae11ddbf0,QUEUED
1786100299,05da24cd5d8a40c1a6616132ffecc93c,QUEUED
1786100299,7a64d9b695294b4ca229bcb0c87f66ba,PROCESSING
1786100301,d57df1cc41f64a948c4bac4ae11ddbf0,QUEUED
1786100301,05da24cd5d8a40c1a6616132ffecc93c,QUEUED
1786100301,7a64d9b695294b4ca229bcb0c87f66ba,PROCESSING
1786100303,d57df1cc41f64a948c4bac4ae11ddbf0,QUEUED
1786100303,05da24cd5d8a40c1a6616132ffecc93c,QUEUED
1786100303,7a64d9b695294b4ca229bcb0c87f66ba,PROCESSING
1786100306,d57df1cc41f64a948c4bac4ae11ddbf0,QUEUED
1786100306,05da24cd5d8a40c1a6616132ffecc93c,QUEUED
1786100306,7a64d9b695294b4ca229bcb0c87f66ba,PROCESSING
1786100308,d57df1cc41f64a948c4bac4ae11ddbf0,QUEUED
1786100308,05da24cd5d8a40c1a6616132ffecc93c,QUEUED
1786100308,7a64d9b695294b4ca229bcb0c87f66ba,PROCESSING
1786100310,d57df1cc41f64a948c4bac4ae11ddbf0,QUEUED
1786100310,05da24cd5d8a40c1a6616132ffecc93c,QUEUED
1786100310,7a64d9b695294b4ca229bcb0c87f66ba,PROCESSING
1786100312,d57df1cc41f64a948c4bac4ae11ddbf0,QUEUED
1786100312,05da24cd5d8a40c1a6616132ffecc93c,QUEUED
1786100312,7a64d9b695294b4ca229bcb0c87f66ba,PROCESSING
1786100315,d57df1cc41f64a948c4bac4ae11ddbf0,QUEUED
1786100315,05da24cd5d8a40c1a6616132ffecc93c,QUEUED
1786100315,7a64d9b695294b4ca229bcb0c87f66ba,PROCESSING
1786100317,d57df1cc41f64a948c4bac4ae11ddbf0,QUEUED
1786100317,05da24cd5d8a40c1a6616132ffecc93c,QUEUED
1786100317,7a64d9b695294b4ca229bcb0c87f66ba,PROCESSING
1786100319,d57df1cc41f64a948c4bac4ae11ddbf0,QUEUED
1786100319,05da24cd5d8a40c1a6616132ffecc93c,QUEUED
1786100319,7a64d9b695294b4ca229bcb0c87f66ba,PROCESSING
1786100322,d57df1cc41f64a948c4bac4ae11ddbf0,QUEUED
1786100322,05da24cd5d8a40c1a6616132ffecc93c,QUEUED
1786100322,7a64d9b695294b4ca229bcb0c87f66ba,PROCESSING
1786100324,d57df1cc41f64a948c4bac4ae11ddbf0,QUEUED
1786100324,05da24cd5d8a40c1a6616132ffecc93c,QUEUED
1786100324,7a64d9b695294b4ca229bcb0c87f66ba,PROCESSING
1786100326,d57df1cc41f64a948c4bac4ae11ddbf0,QUEUED
1786100326,05da24cd5d8a40c1a6616132ffecc93c,QUEUED
1786100326,7a64d9b695294b4ca229bcb0c87f66ba,PROCESSING
1786100329,d57df1cc41f64a948c4bac4ae11ddbf0,QUEUED
1786100329,05da24cd5d8a40c1a6616132ffecc93c,QUEUED
1786100329,7a64d9b695294b4ca229bcb0c87f66ba,PROCESSING
1786100331,d57df1cc41f64a948c4bac4ae11ddbf0,QUEUED
1786100331,05da24cd5d8a40c1a6616132ffecc93c,QUEUED
1786100331,7a64d9b695294b4ca229bcb0c87f66ba,PROCESSING
1786100333,d57df1cc41f64a948c4bac4ae11ddbf0,QUEUED
1786100333,05da24cd5d8a40c1a6616132ffecc93c,QUEUED
1786100333,7a64d9b695294b4ca229bcb0c87f66ba,PROCESSING
1786100336,d57df1cc41f64a948c4bac4ae11ddbf0,QUEUED
1786100336,05da24cd5d8a40c1a6616132ffecc93c,QUEUED
1786100336,7a64d9b695294b4ca229bcb0c87f66ba,PROCESSING
1786100338,d57df1cc41f64a948c4bac4ae11ddbf0,QUEUED
1786100338,05da24cd5d8a40c1a6616132ffecc93c,PROCESSING
1786100338,7a64d9b695294b4ca229bcb0c87f66ba,DONE
1786100340,d57df1cc41f64a948c4bac4ae11ddbf0,QUEUED
1786100340,05da24cd5d8a40c1a6616132ffecc93c,PROCESSING
1786100342,d57df1cc41f64a948c4bac4ae11ddbf0,QUEUED
1786100342,05da24cd5d8a40c1a6616132ffecc93c,PROCESSING
1786100345,d57df1cc41f64a948c4bac4ae11ddbf0,QUEUED
1786100345,05da24cd5d8a40c1a6616132ffecc93c,PROCESSING
1786100347,d57df1cc41f64a948c4bac4ae11ddbf0,QUEUED
1786100347,05da24cd5d8a40c1a6616132ffecc93c,PROCESSING
1786100349,d57df1cc41f64a948c4bac4ae11ddbf0,QUEUED
1786100349,05da24cd5d8a40c1a6616132ffecc93c,PROCESSING
1786100351,d57df1cc41f64a948c4bac4ae11ddbf0,QUEUED
1786100351,05da24cd5d8a40c1a6616132ffecc93c,PROCESSING
1786100353,d57df1cc41f64a948c4bac4ae11ddbf0,QUEUED
1786100353,05da24cd5d8a40c1a6616132ffecc93c,PROCESSING
1786100356,d57df1cc41f64a948c4bac4ae11ddbf0,QUEUED
1786100356,05da24cd5d8a40c1a6616132ffecc93c,PROCESSING
1786100358,d57df1cc41f64a948c4bac4ae11ddbf0,QUEUED
1786100358,05da24cd5d8a40c1a6616132ffecc93c,PROCESSING
1786100360,d57df1cc41f64a948c4bac4ae11ddbf0,QUEUED
1786100360,05da24cd5d8a40c1a6616132ffecc93c,PROCESSING
1786100362,d57df1cc41f64a948c4bac4ae11ddbf0,QUEUED
1786100362,05da24cd5d8a40c1a6616132ffecc93c,PROCESSING
1786100364,d57df1cc41f64a948c4bac4ae11ddbf0,QUEUED
1786100364,05da24cd5d8a40c1a6616132ffecc93c,PROCESSING
1786100367,d57df1cc41f64a948c4bac4ae11ddbf0,QUEUED
1786100367,05da24cd5d8a40c1a6616132ffecc93c,PROCESSING
1786100369,d57df1cc41f64a948c4bac4ae11ddbf0,QUEUED
1786100369,05da24cd5d8a40c1a6616132ffecc93c,PROCESSING
1786100371,d57df1cc41f64a948c4bac4ae11ddbf0,QUEUED
1786100371,05da24cd5d8a40c1a6616132ffecc93c,PROCESSING
1786100373,d57df1cc41f64a948c4bac4ae11ddbf0,QUEUED
1786100373,05da24cd5d8a40c1a6616132ffecc93c,PROCESSING
1786100375,d57df1cc41f64a948c4bac4ae11ddbf0,QUEUED
1786100375,05da24cd5d8a40c1a6616132ffecc93c,PROCESSING
1786100377,d57df1cc41f64a948c4bac4ae11ddbf0,QUEUED
1786100377,05da24cd5d8a40c1a6616132ffecc93c,PROCESSING
1786100380,d57df1cc41f64a948c4bac4ae11ddbf0,QUEUED
1786100380,05da24cd5d8a40c1a6616132ffecc93c,PROCESSING
1786100382,d57df1cc41f64a948c4bac4ae11ddbf0,QUEUED
1786100382,05da24cd5d8a40c1a6616132ffecc93c,PROCESSING
1786100384,d57df1cc41f64a948c4bac4ae11ddbf0,QUEUED
1786100384,05da24cd5d8a40c1a6616132ffecc93c,PROCESSING
1786100386,d57df1cc41f64a948c4bac4ae11ddbf0,QUEUED
1786100386,05da24cd5d8a40c1a6616132ffecc93c,PROCESSING
1786100388,d57df1cc41f64a948c4bac4ae11ddbf0,QUEUED
1786100388,05da24cd5d8a40c1a6616132ffecc93c,PROCESSING
1786100390,d57df1cc41f64a948c4bac4ae11ddbf0,QUEUED
1786100390,05da24cd5d8a40c1a6616132ffecc93c,PROCESSING
1786100392,d57df1cc41f64a948c4bac4ae11ddbf0,QUEUED
1786100392,05da24cd5d8a40c1a6616132ffecc93c,PROCESSING
1786100395,d57df1cc41f64a948c4bac4ae11ddbf0,QUEUED
1786100395,05da24cd5d8a40c1a6616132ffecc93c,PROCESSING
1786100397,d57df1cc41f64a948c4bac4ae11ddbf0,QUEUED
1786100397,05da24cd5d8a40c1a6616132ffecc93c,PROCESSING
1786100399,d57df1cc41f64a948c4bac4ae11ddbf0,QUEUED
1786100399,05da24cd5d8a40c1a6616132ffecc93c,PROCESSING
1786100401,d57df1cc41f64a948c4bac4ae11ddbf0,QUEUED
1786100401,05da24cd5d8a40c1a6616132ffecc93c,PROCESSING
1786100403,d57df1cc41f64a948c4bac4ae11ddbf0,QUEUED
1786100403,05da24cd5d8a40c1a6616132ffecc93c,PROCESSING
1786100405,d57df1cc41f64a948c4bac4ae11ddbf0,QUEUED
1786100405,05da24cd5d8a40c1a6616132ffecc93c,PROCESSING
1786100408,d57df1cc41f64a948c4bac4ae11ddbf0,QUEUED
1786100408,05da24cd5d8a40c1a6616132ffecc93c,PROCESSING
1786100410,d57df1cc41f64a948c4bac4ae11ddbf0,QUEUED
1786100410,05da24cd5d8a40c1a6616132ffecc93c,PROCESSING
1786100412,d57df1cc41f64a948c4bac4ae11ddbf0,QUEUED
1786100412,05da24cd5d8a40c1a6616132ffecc93c,PROCESSING
1786100414,d57df1cc41f64a948c4bac4ae11ddbf0,QUEUED
1786100414,05da24cd5d8a40c1a6616132ffecc93c,PROCESSING
1786100416,d57df1cc41f64a948c4bac4ae11ddbf0,QUEUED
1786100416,05da24cd5d8a40c1a6616132ffecc93c,PROCESSING
1786100418,d57df1cc41f64a948c4bac4ae11ddbf0,QUEUED
1786100418,05da24cd5d8a40c1a6616132ffecc93c,PROCESSING
1786100420,d57df1cc41f64a948c4bac4ae11ddbf0,QUEUED
1786100420,05da24cd5d8a40c1a6616132ffecc93c,PROCESSING
1786100423,d57df1cc41f64a948c4bac4ae11ddbf0,QUEUED
1786100423,05da24cd5d8a40c1a6616132ffecc93c,PROCESSING
1786100425,d57df1cc41f64a948c4bac4ae11ddbf0,QUEUED
1786100425,05da24cd5d8a40c1a6616132ffecc93c,PROCESSING
1786100427,d57df1cc41f64a948c4bac4ae11ddbf0,QUEUED
1786100427,05da24cd5d8a40c1a6616132ffecc93c,PROCESSING
1786100429,d57df1cc41f64a948c4bac4ae11ddbf0,QUEUED
1786100429,05da24cd5d8a40c1a6616132ffecc93c,PROCESSING
1786100431,d57df1cc41f64a948c4bac4ae11ddbf0,QUEUED
1786100431,05da24cd5d8a40c1a6616132ffecc93c,PROCESSING
1786100433,d57df1cc41f64a948c4bac4ae11ddbf0,QUEUED
1786100433,05da24cd5d8a40c1a6616132ffecc93c,PROCESSING
1786100435,d57df1cc41f64a948c4bac4ae11ddbf0,QUEUED
1786100435,05da24cd5d8a40c1a6616132ffecc93c,PROCESSING
1786100438,d57df1cc41f64a948c4bac4ae11ddbf0,QUEUED
1786100438,05da24cd5d8a40c1a6616132ffecc93c,PROCESSING
1786100440,d57df1cc41f64a948c4bac4ae11ddbf0,QUEUED
1786100440,05da24cd5d8a40c1a6616132ffecc93c,PROCESSING
1786100442,d57df1cc41f64a948c4bac4ae11ddbf0,QUEUED
1786100442,05da24cd5d8a40c1a6616132ffecc93c,PROCESSING
1786100444,d57df1cc41f64a948c4bac4ae11ddbf0,QUEUED
1786100444,05da24cd5d8a40c1a6616132ffecc93c,PROCESSING
1786100446,d57df1cc41f64a948c4bac4ae11ddbf0,QUEUED
1786100446,05da24cd5d8a40c1a6616132ffecc93c,PROCESSING
1786100448,d57df1cc41f64a948c4bac4ae11ddbf0,QUEUED
1786100448,05da24cd5d8a40c1a6616132ffecc93c,PROCESSING
1786100450,d57df1cc41f64a948c4bac4ae11ddbf0,QUEUED
1786100450,05da24cd5d8a40c1a6616132ffecc93c,PROCESSING
1786100453,d57df1cc41f64a948c4bac4ae11ddbf0,QUEUED
1786100453,05da24cd5d8a40c1a6616132ffecc93c,PROCESSING
1786100455,d57df1cc41f64a948c4bac4ae11ddbf0,QUEUED
1786100455,05da24cd5d8a40c1a6616132ffecc93c,PROCESSING
1786100457,d57df1cc41f64a948c4bac4ae11ddbf0,QUEUED
1786100457,05da24cd5d8a40c1a6616132ffecc93c,PROCESSING
1786100459,d57df1cc41f64a948c4bac4ae11ddbf0,QUEUED
1786100459,05da24cd5d8a40c1a6616132ffecc93c,PROCESSING
1786100461,d57df1cc41f64a948c4bac4ae11ddbf0,QUEUED
1786100461,05da24cd5d8a40c1a6616132ffecc93c,PROCESSING
1786100464,d57df1cc41f64a948c4bac4ae11ddbf0,QUEUED
1786100464,05da24cd5d8a40c1a6616132ffecc93c,PROCESSING
1786100466,d57df1cc41f64a948c4bac4ae11ddbf0,QUEUED
1786100466,05da24cd5d8a40c1a6616132ffecc93c,PROCESSING
1786100468,d57df1cc41f64a948c4bac4ae11ddbf0,QUEUED
1786100468,05da24cd5d8a40c1a6616132ffecc93c,PROCESSING
1786100470,d57df1cc41f64a948c4bac4ae11ddbf0,QUEUED
1786100470,05da24cd5d8a40c1a6616132ffecc93c,PROCESSING
1786100472,d57df1cc41f64a948c4bac4ae11ddbf0,QUEUED
1786100472,05da24cd5d8a40c1a6616132ffecc93c,PROCESSING
1786100475,d57df1cc41f64a948c4bac4ae11ddbf0,QUEUED
1786100475,05da24cd5d8a40c1a6616132ffecc93c,PROCESSING
1786100477,d57df1cc41f64a948c4bac4ae11ddbf0,QUEUED
1786100477,05da24cd5d8a40c1a6616132ffecc93c,PROCESSING
1786100479,d57df1cc41f64a948c4bac4ae11ddbf0,QUEUED
1786100479,05da24cd5d8a40c1a6616132ffecc93c,PROCESSING
1786100481,d57df1cc41f64a948c4bac4ae11ddbf0,QUEUED
1786100481,05da24cd5d8a40c1a6616132ffecc93c,PROCESSING
1786100483,d57df1cc41f64a948c4bac4ae11ddbf0,QUEUED
1786100483,05da24cd5d8a40c1a6616132ffecc93c,PROCESSING
1786100485,d57df1cc41f64a948c4bac4ae11ddbf0,QUEUED
1786100485,05da24cd5d8a40c1a6616132ffecc93c,PROCESSING
1786100487,d57df1cc41f64a948c4bac4ae11ddbf0,QUEUED
1786100487,05da24cd5d8a40c1a6616132ffecc93c,PROCESSING
1786100489,d57df1cc41f64a948c4bac4ae11ddbf0,QUEUED
1786100489,05da24cd5d8a40c1a6616132ffecc93c,PROCESSING
1786100492,d57df1cc41f64a948c4bac4ae11ddbf0,QUEUED
1786100492,05da24cd5d8a40c1a6616132ffecc93c,PROCESSING
1786100494,d57df1cc41f64a948c4bac4ae11ddbf0,QUEUED
1786100494,05da24cd5d8a40c1a6616132ffecc93c,PROCESSING
1786100496,d57df1cc41f64a948c4bac4ae11ddbf0,QUEUED
1786100496,05da24cd5d8a40c1a6616132ffecc93c,PROCESSING
1786100498,d57df1cc41f64a948c4bac4ae11ddbf0,QUEUED
1786100498,05da24cd5d8a40c1a6616132ffecc93c,PROCESSING
1786100500,d57df1cc41f64a948c4bac4ae11ddbf0,QUEUED
1786100500,05da24cd5d8a40c1a6616132ffecc93c,PROCESSING
1786100502,d57df1cc41f64a948c4bac4ae11ddbf0,QUEUED
1786100502,05da24cd5d8a40c1a6616132ffecc93c,PROCESSING
1786100504,d57df1cc41f64a948c4bac4ae11ddbf0,QUEUED
1786100504,05da24cd5d8a40c1a6616132ffecc93c,PROCESSING
1786100507,d57df1cc41f64a948c4bac4ae11ddbf0,QUEUED
1786100507,05da24cd5d8a40c1a6616132ffecc93c,PROCESSING
1786100509,d57df1cc41f64a948c4bac4ae11ddbf0,QUEUED
1786100509,05da24cd5d8a40c1a6616132ffecc93c,PROCESSING
1786100511,d57df1cc41f64a948c4bac4ae11ddbf0,QUEUED
1786100511,05da24cd5d8a40c1a6616132ffecc93c,PROCESSING
1786100513,d57df1cc41f64a948c4bac4ae11ddbf0,QUEUED
1786100513,05da24cd5d8a40c1a6616132ffecc93c,PROCESSING
1786100515,d57df1cc41f64a948c4bac4ae11ddbf0,QUEUED
1786100515,05da24cd5d8a40c1a6616132ffecc93c,PROCESSING
1786100517,d57df1cc41f64a948c4bac4ae11ddbf0,QUEUED
1786100517,05da24cd5d8a40c1a6616132ffecc93c,PROCESSING
1786100519,d57df1cc41f64a948c4bac4ae11ddbf0,QUEUED
1786100519,05da24cd5d8a40c1a6616132ffecc93c,PROCESSING
1786100522,d57df1cc41f64a948c4bac4ae11ddbf0,QUEUED
1786100522,05da24cd5d8a40c1a6616132ffecc93c,PROCESSING
1786100524,d57df1cc41f64a948c4bac4ae11ddbf0,QUEUED
1786100524,05da24cd5d8a40c1a6616132ffecc93c,PROCESSING
1786100526,d57df1cc41f64a948c4bac4ae11ddbf0,QUEUED
1786100526,05da24cd5d8a40c1a6616132ffecc93c,PROCESSING
1786100528,d57df1cc41f64a948c4bac4ae11ddbf0,QUEUED
1786100528,05da24cd5d8a40c1a6616132ffecc93c,PROCESSING
1786100530,d57df1cc41f64a948c4bac4ae11ddbf0,QUEUED
1786100530,05da24cd5d8a40c1a6616132ffecc93c,PROCESSING
1786100532,d57df1cc41f64a948c4bac4ae11ddbf0,QUEUED
1786100532,05da24cd5d8a40c1a6616132ffecc93c,PROCESSING
1786100534,d57df1cc41f64a948c4bac4ae11ddbf0,QUEUED
1786100534,05da24cd5d8a40c1a6616132ffecc93c,PROCESSING
1786100537,d57df1cc41f64a948c4bac4ae11ddbf0,QUEUED
1786100537,05da24cd5d8a40c1a6616132ffecc93c,PROCESSING
1786100539,d57df1cc41f64a948c4bac4ae11ddbf0,QUEUED
1786100539,05da24cd5d8a40c1a6616132ffecc93c,PROCESSING
1786100541,d57df1cc41f64a948c4bac4ae11ddbf0,QUEUED
1786100541,05da24cd5d8a40c1a6616132ffecc93c,PROCESSING
1786100543,d57df1cc41f64a948c4bac4ae11ddbf0,QUEUED
1786100543,05da24cd5d8a40c1a6616132ffecc93c,PROCESSING
1786100545,d57df1cc41f64a948c4bac4ae11ddbf0,QUEUED
1786100545,05da24cd5d8a40c1a6616132ffecc93c,PROCESSING
1786100548,d57df1cc41f64a948c4bac4ae11ddbf0,QUEUED
1786100548,05da24cd5d8a40c1a6616132ffecc93c,PROCESSING
1786100550,d57df1cc41f64a948c4bac4ae11ddbf0,QUEUED
1786100550,05da24cd5d8a40c1a6616132ffecc93c,PROCESSING
1786100552,d57df1cc41f64a948c4bac4ae11ddbf0,QUEUED
1786100552,05da24cd5d8a40c1a6616132ffecc93c,PROCESSING
1786100554,d57df1cc41f64a948c4bac4ae11ddbf0,QUEUED
1786100554,05da24cd5d8a40c1a6616132ffecc93c,PROCESSING
1786100556,d57df1cc41f64a948c4bac4ae11ddbf0,QUEUED
1786100556,05da24cd5d8a40c1a6616132ffecc93c,PROCESSING
1786100559,d57df1cc41f64a948c4bac4ae11ddbf0,QUEUED
1786100559,05da24cd5d8a40c1a6616132ffecc93c,PROCESSING
1786100561,d57df1cc41f64a948c4bac4ae11ddbf0,QUEUED
1786100561,05da24cd5d8a40c1a6616132ffecc93c,PROCESSING
1786100563,d57df1cc41f64a948c4bac4ae11ddbf0,QUEUED
1786100563,05da24cd5d8a40c1a6616132ffecc93c,PROCESSING
1786100565,d57df1cc41f64a948c4bac4ae11ddbf0,QUEUED
1786100565,05da24cd5d8a40c1a6616132ffecc93c,PROCESSING
1786100567,d57df1cc41f64a948c4bac4ae11ddbf0,PROCESSING
1786100567,05da24cd5d8a40c1a6616132ffecc93c,DONE
1786100570,d57df1cc41f64a948c4bac4ae11ddbf0,PROCESSING
1786100572,d57df1cc41f64a948c4bac4ae11ddbf0,PROCESSING
1786100574,d57df1cc41f64a948c4bac4ae11ddbf0,PROCESSING
1786100576,d57df1cc41f64a948c4bac4ae11ddbf0,PROCESSING
1786100578,d57df1cc41f64a948c4bac4ae11ddbf0,PROCESSING
1786100580,d57df1cc41f64a948c4bac4ae11ddbf0,PROCESSING
1786100582,d57df1cc41f64a948c4bac4ae11ddbf0,PROCESSING
1786100584,d57df1cc41f64a948c4bac4ae11ddbf0,PROCESSING
1786100587,d57df1cc41f64a948c4bac4ae11ddbf0,PROCESSING
1786100589,d57df1cc41f64a948c4bac4ae11ddbf0,PROCESSING
1786100591,d57df1cc41f64a948c4bac4ae11ddbf0,PROCESSING
1786100593,d57df1cc41f64a948c4bac4ae11ddbf0,PROCESSING
1786100595,d57df1cc41f64a948c4bac4ae11ddbf0,PROCESSING
1786100597,d57df1cc41f64a948c4bac4ae11ddbf0,PROCESSING
1786100599,d57df1cc41f64a948c4bac4ae11ddbf0,PROCESSING
1786100601,d57df1cc41f64a948c4bac4ae11ddbf0,PROCESSING
1786100603,d57df1cc41f64a948c4bac4ae11ddbf0,PROCESSING
1786100605,d57df1cc41f64a948c4bac4ae11ddbf0,PROCESSING
1786100608,d57df1cc41f64a948c4bac4ae11ddbf0,PROCESSING
1786100610,d57df1cc41f64a948c4bac4ae11ddbf0,PROCESSING
1786100612,d57df1cc41f64a948c4bac4ae11ddbf0,PROCESSING
1786100614,d57df1cc41f64a948c4bac4ae11ddbf0,PROCESSING
1786100616,d57df1cc41f64a948c4bac4ae11ddbf0,PROCESSING
1786100618,d57df1cc41f64a948c4bac4ae11ddbf0,PROCESSING
1786100620,d57df1cc41f64a948c4bac4ae11ddbf0,PROCESSING
1786100622,d57df1cc41f64a948c4bac4ae11ddbf0,PROCESSING
1786100624,d57df1cc41f64a948c4bac4ae11ddbf0,PROCESSING
1786100626,d57df1cc41f64a948c4bac4ae11ddbf0,PROCESSING
1786100628,d57df1cc41f64a948c4bac4ae11ddbf0,PROCESSING
1786100630,d57df1cc41f64a948c4bac4ae11ddbf0,PROCESSING
1786100632,d57df1cc41f64a948c4bac4ae11ddbf0,PROCESSING
1786100635,d57df1cc41f64a948c4bac4ae11ddbf0,PROCESSING
1786100637,d57df1cc41f64a948c4bac4ae11ddbf0,PROCESSING
1786100639,d57df1cc41f64a948c4bac4ae11ddbf0,PROCESSING
1786100641,d57df1cc41f64a948c4bac4ae11ddbf0,PROCESSING
1786100643,d57df1cc41f64a948c4bac4ae11ddbf0,PROCESSING
1786100645,d57df1cc41f64a948c4bac4ae11ddbf0,PROCESSING
1786100647,d57df1cc41f64a948c4bac4ae11ddbf0,PROCESSING
1786100649,d57df1cc41f64a948c4bac4ae11ddbf0,PROCESSING
1786100651,d57df1cc41f64a948c4bac4ae11ddbf0,PROCESSING
1786100653,d57df1cc41f64a948c4bac4ae11ddbf0,PROCESSING
1786100655,d57df1cc41f64a948c4bac4ae11ddbf0,PROCESSING
1786100657,d57df1cc41f64a948c4bac4ae11ddbf0,PROCESSING
1786100659,d57df1cc41f64a948c4bac4ae11ddbf0,PROCESSING
1786100662,d57df1cc41f64a948c4bac4ae11ddbf0,PROCESSING
1786100664,d57df1cc41f64a948c4bac4ae11ddbf0,PROCESSING
1786100666,d57df1cc41f64a948c4bac4ae11ddbf0,PROCESSING
1786100668,d57df1cc41f64a948c4bac4ae11ddbf0,PROCESSING
1786100670,d57df1cc41f64a948c4bac4ae11ddbf0,PROCESSING
1786100672,d57df1cc41f64a948c4bac4ae11ddbf0,PROCESSING
1786100674,d57df1cc41f64a948c4bac4ae11ddbf0,PROCESSING
1786100676,d57df1cc41f64a948c4bac4ae11ddbf0,PROCESSING
1786100678,d57df1cc41f64a948c4bac4ae11ddbf0,PROCESSING
1786100680,d57df1cc41f64a948c4bac4ae11ddbf0,PROCESSING
1786100682,d57df1cc41f64a948c4bac4ae11ddbf0,PROCESSING
1786100684,d57df1cc41f64a948c4bac4ae11ddbf0,PROCESSING
1786100686,d57df1cc41f64a948c4bac4ae11ddbf0,PROCESSING
1786100688,d57df1cc41f64a948c4bac4ae11ddbf0,PROCESSING
1786100691,d57df1cc41f64a948c4bac4ae11ddbf0,PROCESSING
1786100693,d57df1cc41f64a948c4bac4ae11ddbf0,PROCESSING
1786100695,d57df1cc41f64a948c4bac4ae11ddbf0,PROCESSING
1786100697,d57df1cc41f64a948c4bac4ae11ddbf0,PROCESSING
1786100699,d57df1cc41f64a948c4bac4ae11ddbf0,PROCESSING
1786100701,d57df1cc41f64a948c4bac4ae11ddbf0,PROCESSING
1786100703,d57df1cc41f64a948c4bac4ae11ddbf0,PROCESSING
1786100705,d57df1cc41f64a948c4bac4ae11ddbf0,PROCESSING
1786100707,d57df1cc41f64a948c4bac4ae11ddbf0,PROCESSING
1786100709,d57df1cc41f64a948c4bac4ae11ddbf0,PROCESSING
1786100711,d57df1cc41f64a948c4bac4ae11ddbf0,PROCESSING
1786100713,d57df1cc41f64a948c4bac4ae11ddbf0,PROCESSING
1786100716,d57df1cc41f64a948c4bac4ae11ddbf0,PROCESSING
1786100718,d57df1cc41f64a948c4bac4ae11ddbf0,PROCESSING
1786100720,d57df1cc41f64a948c4bac4ae11ddbf0,PROCESSING
1786100722,d57df1cc41f64a948c4bac4ae11ddbf0,PROCESSING
1786100724,d57df1cc41f64a948c4bac4ae11ddbf0,PROCESSING
1786100726,d57df1cc41f64a948c4bac4ae11ddbf0,PROCESSING
1786100728,d57df1cc41f64a948c4bac4ae11ddbf0,PROCESSING
1786100730,d57df1cc41f64a948c4bac4ae11ddbf0,PROCESSING
1786100732,d57df1cc41f64a948c4bac4ae11ddbf0,PROCESSING
1786100734,d57df1cc41f64a948c4bac4ae11ddbf0,PROCESSING
1786100736,d57df1cc41f64a948c4bac4ae11ddbf0,PROCESSING
1786100738,d57df1cc41f64a948c4bac4ae11ddbf0,PROCESSING
1786100740,d57df1cc41f64a948c4bac4ae11ddbf0,PROCESSING
1786100743,d57df1cc41f64a948c4bac4ae11ddbf0,PROCESSING
1786100745,d57df1cc41f64a948c4bac4ae11ddbf0,PROCESSING
1786100747,d57df1cc41f64a948c4bac4ae11ddbf0,PROCESSING
1786100749,d57df1cc41f64a948c4bac4ae11ddbf0,PROCESSING
1786100751,d57df1cc41f64a948c4bac4ae11ddbf0,PROCESSING
1786100753,d57df1cc41f64a948c4bac4ae11ddbf0,PROCESSING
1786100755,d57df1cc41f64a948c4bac4ae11ddbf0,PROCESSING
1786100757,d57df1cc41f64a948c4bac4ae11ddbf0,PROCESSING
1786100759,d57df1cc41f64a948c4bac4ae11ddbf0,PROCESSING
1786100761,d57df1cc41f64a948c4bac4ae11ddbf0,PROCESSING
1786100763,d57df1cc41f64a948c4bac4ae11ddbf0,PROCESSING
1786100765,d57df1cc41f64a948c4bac4ae11ddbf0,PROCESSING
1786100767,d57df1cc41f64a948c4bac4ae11ddbf0,PROCESSING
1786100770,d57df1cc41f64a948c4bac4ae11ddbf0,PROCESSING
1786100772,d57df1cc41f64a948c4bac4ae11ddbf0,PROCESSING
1786100774,d57df1cc41f64a948c4bac4ae11ddbf0,PROCESSING
1786100776,d57df1cc41f64a948c4bac4ae11ddbf0,PROCESSING
1786100778,d57df1cc41f64a948c4bac4ae11ddbf0,PROCESSING
1786100780,d57df1cc41f64a948c4bac4ae11ddbf0,PROCESSING
1786100782,d57df1cc41f64a948c4bac4ae11ddbf0,PROCESSING
1786100784,d57df1cc41f64a948c4bac4ae11ddbf0,PROCESSING
1786100787,d57df1cc41f64a948c4bac4ae11ddbf0,PROCESSING
1786100789,d57df1cc41f64a948c4bac4ae11ddbf0,PROCESSING
1786100791,d57df1cc41f64a948c4bac4ae11ddbf0,PROCESSING
1786100793,d57df1cc41f64a948c4bac4ae11ddbf0,DONE
